Date,Region,Product,Salesperson,Customer_Type,Units_Sold,Unit_Price,Discount,Revenue,Cost,Gross_Profit,Gross_Margin,Sales_Target
2025-01-01,Ibadan,Product A,Salesperson 5,SME,43,15000,0.053,610815.0,402867.80219037517,207947.19780962483,0.34044219249629565,699695.3965668163
2025-01-01,Kano,Product C,Salesperson 2,Corporate,401,30000,0.141,10333770.0,7395834.711330008,2937935.2886699922,0.2843043041087611,9530327.59263552
2025-01-01,Ibadan,Product C,Salesperson 7,SME,472,30000,0.082,12998880.0,8593113.971822944,4405766.028177056,0.3389342795823222,14382193.011428429
2025-01-01,Kano,Product A,Salesperson 4,SME,205,15000,0.027,2991975.0,1847930.9261327933,1144044.0738672067,0.3823708666908001,2979308.231551687
2025-01-01,Kano,Product C,Salesperson 5,Retail,282,30000,0.126,7394040.0,4187508.453661821,3206531.546338179,0.4336643494406548,7811519.820661213
2025-01-02,Kano,Product E,Salesperson 8,Corporate,95,60000,0.038,5483400.0,3249852.0205274816,2233547.9794725184,0.40732902569072443,6149734.497792901
2025-01-02,Ibadan,Product A,Salesperson 3,Retail,265,15000,0.03,3855750.0,2431291.9194378997,1424458.0805621003,0.36943735474605466,3563630.7876416994
2025-01-02,Port Harcourt,Product E,Salesperson 8,Corporate,359,60000,0.126,18825960.0,12835997.507800752,5989962.492199248,0.31817567296431354,16996073.41819292
2025-01-02,Port Harcourt,Product B,Salesperson 3,Corporate,286,22000,0.024,6140992.0,4161315.8755559283,1979676.1244440717,0.3223707382201559,6116080.9590306105
2025-01-02,Port Harcourt,Product C,Salesperson 2,Corporate,408,30000,0.073,11346480.0,6490285.577251452,4856194.422748548,0.4279912733066597,13006490.804825926
2025-01-03,Kano,Product C,Salesperson 2,Corporate,395,30000,0.106,10593900.0,6084816.855713173,4509083.144286827,0.425630140390869,11042380.04852394
2025-01-03,Port Harcourt,Product E,Salesperson 4,Retail,174,60000,0.12,9187200.0,7037349.269616644,2149850.730383356,0.23400499938864464,10351385.520122
2025-01-03,Lagos,Product B,Salesperson 3,SME,235,22000,0.118,4559940.0,2548737.196974085,2011202.8030259148,0.4410590496861614,4947302.767061573
2025-01-04,Ibadan,Product A,Salesperson 3,Corporate,327,15000,0.001,4900095.0,3112049.0789525528,1788045.9210474472,0.3649002562292052,5519898.117371519
2025-01-04,Lagos,Product D,Salesperson 6,Retail,298,45000,0.062,12578580.0,9133689.167393677,3444890.832606323,0.2738696126753833,11703182.815062705
2025-01-05,Port Harcourt,Product D,Salesperson 6,SME,123,45000,0.105,4953825.0,3814779.0101741664,1139045.9898258336,0.22993262576409818,5284375.644297727
2025-01-05,Kano,Product B,Salesperson 7,Corporate,369,22000,0.105,7265610.0,4828248.868883658,2437361.131116342,0.3354654504048995,7250473.087651426
2025-01-05,Port Harcourt,Product D,Salesperson 8,Retail,371,45000,0.043,15977115.0,9930157.146642864,6046957.853357136,0.3784762050819022,17847731.456124436
2025-01-05,Lagos,Product A,Salesperson 3,Corporate,369,15000,0.085,5064525.0,3330458.543552791,1734066.4564472092,0.3423946878428301,4926192.394349991
2025-01-05,Ibadan,Product B,Salesperson 7,Retail,123,22000,0.051,2567994.0,1858253.5687504625,709740.4312495375,0.276379318351031,2472665.59420269
2025-01-06,Ibadan,Product E,Salesperson 3,Corporate,251,60000,0.055,14231700.0,10729500.745833447,3502199.254166553,0.24608439288114228,15050048.13738357
2025-01-07,Lagos,Product C,Salesperson 6,Corporate,353,30000,0.0,10590000.0,6628997.523187735,3961002.476812265,0.37403233964232907,11443716.31912238
2025-01-07,Lagos,Product E,Salesperson 4,Corporate,172,60000,0.036,9948480.0,7331766.455973499,2616713.5440265005,0.26302646675939445,10307122.709256846
2025-01-07,Kano,Product C,Salesperson 1,SME,280,30000,0.082,7711200.0,5313486.597967737,2397713.4020322626,0.310939075893799,7923674.277716348
2025-01-07,Ibadan,Product D,Salesperson 7,Retail,494,45000,0.109,19806930.0,15215725.83843041,4591204.16156959,0.23179786880498846,18684734.49494375
2025-01-07,Lagos,Product E,Salesperson 7,SME,461,60000,0.103,24811020.0,13939002.366127815,10872017.633872185,0.4381930945955541,22612454.45766487
2025-01-08,Kano,Product C,Salesperson 7,Corporate,352,30000,0.135,9134400.0,5759736.305879127,3374663.6941208728,0.36944557870477235,9605545.381024482
2025-01-08,Abuja,Product A,Salesperson 5,SME,484,15000,0.049,6904260.0,4402522.917385186,2501737.082614814,0.3623468818692827,6562970.659443557
2025-01-08,Ibadan,Product B,Salesperson 7,Corporate,185,22000,0.084,3728120.0,2590700.2371223285,1137419.7628776715,0.3050920471652392,4097483.6623274414
2025-01-09,Lagos,Product B,Salesperson 6,Corporate,231,22000,0.018,4990524.0,3524791.742421813,1465732.2575781872,0.29370307758828273,5086753.488825643
2025-01-09,Ibadan,Product A,Salesperson 2,Retail,311,15000,0.108,4161180.0,3146005.14202248,1015174.8579775202,0.24396321667832688,4288484.294638343
2025-01-09,Kano,Product B,Salesperson 3,Retail,441,22000,0.015,9556470.0,6825613.278226099,2730856.721773901,0.2857599847824459,10428134.486529993
2025-01-10,Ibadan,Product D,Salesperson 1,SME,137,45000,0.049,5862915.0,4154645.3890808746,1708269.6109191254,0.29136864698177023,5561198.689323835
2025-01-10,Port Harcourt,Product D,Salesperson 7,Corporate,54,45000,0.002,2425140.0,1381935.2525181025,1043204.7474818975,0.43016269060008805,2552198.25857463
2025-01-10,Ibadan,Product D,Salesperson 5,SME,126,45000,0.074,5250420.0,3314018.3370574364,1936401.6629425636,0.36880890727647764,5968529.849597848
2025-01-11,Port Harcourt,Product E,Salesperson 5,Corporate,461,60000,0.087,25253580.0,15050395.875683973,10203184.124316027,0.4040292158306279,27600934.785663143
2025-01-11,Port Harcourt,Product E,Salesperson 1,SME,352,60000,0.008,20951040.0,14029214.812856935,6921825.187143065,0.3303809828601857,23829385.206616398
2025-01-11,Lagos,Product E,Salesperson 4,Retail,316,60000,0.048,18049920.0,12219149.285151027,5830770.714848973,0.3230358203720001,17441551.39540808
2025-01-11,Abuja,Product B,Salesperson 1,Corporate,279,22000,0.068,5720616.0,3709070.7117093503,2011545.2882906497,0.35163088875230386,6147741.474691105
2025-01-12,Lagos,Product A,Salesperson 6,SME,267,15000,0.064,3748680.0,2306727.5746889557,1441952.4253110443,0.38465604567769035,3619118.9362754277
2025-01-12,Lagos,Product C,Salesperson 3,SME,325,30000,0.149,8297250.0,5340524.629595589,2956725.370404411,0.35635004012225874,8321689.606889086
2025-01-12,Port Harcourt,Product A,Salesperson 2,SME,250,15000,0.125,3281250.0,2292179.0461361213,989070.9538638787,0.3014311478442297,3275311.6913054334
2025-01-12,Kano,Product A,Salesperson 5,SME,342,15000,0.072,4760640.0,2632319.671737508,2128320.328262492,0.447066009667291,4287124.03656821
2025-01-12,Lagos,Product D,Salesperson 2,Corporate,407,45000,0.032,17728920.0,12982268.204846388,4746651.795153612,0.26773496609796943,18058556.646074705
2025-01-13,Abuja,Product A,Salesperson 6,Corporate,452,15000,0.1,6102000.0,4165062.135243117,1936937.8647568831,0.3174267231656642,5787289.796644589
2025-01-14,Lagos,Product A,Salesperson 1,Retail,10,15000,0.039,144150.0,85913.6957750326,58236.3042249674,0.40399794814406803,136858.56638760646
2025-01-14,Abuja,Product B,Salesperson 8,Retail,406,22000,0.1,8038800.0,5693331.006203644,2345468.993796356,0.2917685467726969,8789029.129417859
2025-01-14,Lagos,Product B,Salesperson 7,Retail,264,22000,0.063,5442096.0,4190806.85856849,1251289.14143151,0.22992779646509542,4954478.6967898775
2025-01-15,Lagos,Product C,Salesperson 6,SME,371,30000,0.019,10918530.0,8170989.47228313,2747540.5277168704,0.2516401500675339,9835197.960996125
2025-01-15,Lagos,Product B,Salesperson 3,SME,246,22000,0.103,4854564.0,3128964.828871803,1725599.171128197,0.35545914548210655,4459110.1312907
2025-01-15,Kano,Product C,Salesperson 4,SME,102,30000,0.075,2830500.0,1796714.695774077,1033785.304225923,0.3652306321236259,2861914.1761102714
2025-01-15,Port Harcourt,Product B,Salesperson 7,Retail,462,22000,0.109,9056124.0,5617356.010645362,3438767.9893546384,0.3797174143546001,9129187.195962334
2025-01-15,Kano,Product D,Salesperson 1,SME,280,45000,0.045,12033000.0,9373574.232869366,2659425.767130634,0.22101103358519353,12309129.17059015
2025-01-16,Lagos,Product C,Salesperson 5,SME,150,30000,0.107,4018500.0,2717667.9138752553,1300832.0861247447,0.32371085880919365,4214317.507515621
2025-01-16,Abuja,Product D,Salesperson 8,Retail,66,45000,0.009,2943270.0,1746694.9341807936,1196575.0658192064,0.4065461428340609,2708431.491468135
2025-01-16,Port Harcourt,Product B,Salesperson 6,SME,468,22000,0.022,10069488.0,7597403.037105,2472084.9628950004,0.24550254818268819,11344169.913094267
2025-01-17,Kano,Product B,Salesperson 2,SME,197,22000,0.146,3701236.0,2804736.620996074,896499.3790039262,0.24221621615155753,3359239.4015018386
2025-01-17,Ibadan,Product B,Salesperson 5,Corporate,215,22000,0.039,4545530.0,2972121.223884276,1573408.776115724,0.3461441847519924,4889889.920795853
2025-01-17,Ibadan,Product E,Salesperson 6,Retail,281,60000,0.066,15747239.999999998,9124036.51324579,6623203.486754209,0.4205945604915026,17300517.418202315
2025-01-17,Kano,Product C,Salesperson 1,Retail,236,30000,0.04,6796800.0,4613500.7294794945,2183299.2705205055,0.32122458664673165,7459263.888059658
2025-01-17,Port Harcourt,Product E,Salesperson 5,Corporate,124,60000,0.01,7365600.0,5479920.907577152,1885679.0924228476,0.2560116069869186,8228531.913177777
2025-01-17,Kano,Product B,Salesperson 3,Retail,399,22000,0.123,7698306.0,5786182.028297758,1912123.9717022423,0.24838243266794569,8265174.561495747
2025-01-18,Ibadan,Product C,Salesperson 8,Retail,450,30000,0.042,12933000.0,9678242.819092462,3254757.180907538,0.25166296921886167,14377561.222593617
2025-01-18,Lagos,Product C,Salesperson 4,SME,202,30000,0.037,5835780.0,4244288.912924789,1591491.087075211,0.2727126600172061,5476990.019512943
2025-01-19,Ibadan,Product B,Salesperson 3,Corporate,136,22000,0.064,2800512.0,1736193.401211408,1064318.598788592,0.38004429146834295,2976479.445081686
2025-01-19,Kano,Product C,Salesperson 2,Corporate,307,30000,0.038,8860020.0,4912973.433284484,3947046.566715516,0.4454895775309216,9483601.56382908
2025-01-20,Abuja,Product E,Salesperson 8,SME,335,60000,0.123,17627700.0,13177884.513195274,4449815.486804726,0.25243313006261314,17621282.258429665
2025-01-20,Lagos,Product E,Salesperson 3,SME,475,60000,0.14,24510000.0,16503176.73599757,8006823.264002429,0.326675775765093,25888212.433628768
2025-01-20,Abuja,Product D,Salesperson 5,Corporate,330,45000,0.071,13795650.0,9077124.08289735,4718525.91710265,0.3420299817045699,14728289.448701207
2025-01-21,Lagos,Product A,Salesperson 1,SME,130,15000,0.074,1805700.0,1320466.4297704285,485233.57022957155,0.2687232487287875,1954492.6816310643
2025-01-21,Ibadan,Product E,Salesperson 4,Corporate,52,60000,0.011,3085680.0,2053490.039203094,1032189.9607969059,0.33450972258850753,3116808.1654167324
2025-01-21,Abuja,Product D,Salesperson 7,Corporate,329,45000,0.038,14242410.0,8490495.440361977,5751914.559638023,0.4038582346413299,15859876.682145633
2025-01-21,Ibadan,Product D,Salesperson 7,SME,436,45000,0.012,19384560.0,12682837.63251113,6701722.36748887,0.34572476071104374,21352172.823617116
2025-01-22,Abuja,Product C,Salesperson 6,SME,116,30000,0.102,3125040.0,1742474.481659746,1382565.518340254,0.44241530295300346,3495554.021178404
2025-01-22,Ibadan,Product B,Salesperson 7,Retail,497,22000,0.046,10431036.0,6968012.995182708,3463023.004817292,0.3319922397753485,11362776.743728802
2025-01-22,Port Harcourt,Product C,Salesperson 1,SME,492,30000,0.143,12649320.0,8052166.674027554,4597153.325972446,0.36343086632107074,11448322.470488984
2025-01-22,Abuja,Product D,Salesperson 7,Retail,211,45000,0.042,9096210.0,6802664.290359004,2293545.7096409956,0.25214300347518315,10180035.424791854
2025-01-22,Abuja,Product A,Salesperson 7,Retail,490,15000,0.07,6835500.0,5099856.569517821,1735643.430482179,0.2539160896031276,7751707.068961551
2025-01-23,Abuja,Product E,Salesperson 1,Retail,450,60000,0.011,26703000.0,18145198.970440846,8557801.029559154,0.3204808834048292,25289076.02769934
2025-01-23,Abuja,Product B,Salesperson 3,Retail,123,22000,0.026,2635644.0,1785273.2128646115,850370.7871353885,0.3226425067783769,2774132.9758466617
2025-01-23,Abuja,Product E,Salesperson 2,SME,271,60000,0.148,13853520.0,8475142.195308099,5378377.804691901,0.38823185765725254,13743766.811111545
2025-01-23,Abuja,Product E,Salesperson 4,Corporate,403,60000,0.038,23261160.0,16774352.266576232,6486807.733423768,0.27886862621742714,25520701.641312193
2025-01-24,Abuja,Product B,Salesperson 5,Retail,410,22000,0.092,8190160.0,6362005.094171373,1828154.9058286268,0.22321357651482104,9280847.502359223
2025-01-25,Ibadan,Product E,Salesperson 4,Corporate,97,60000,0.06,5470800.0,3699919.128074074,1770880.8719259258,0.3236968764944662,5032990.596792244
2025-01-25,Lagos,Product A,Salesperson 1,Corporate,459,15000,0.112,6113880.0,3737212.214908825,2376667.785091175,0.3887331424710945,6859495.354180551
2025-01-25,Lagos,Product A,Salesperson 4,SME,341,15000,0.053,4843905.0,3606807.569306457,1237097.430693543,0.2553925873223242,4468888.13145637
2025-01-25,Lagos,Product C,Salesperson 7,Corporate,261,30000,0.131,6804270.0,3940115.5101215225,2864154.4898784775,0.42093486735218877,6940758.065592376
2025-01-26,Kano,Product E,Salesperson 1,Corporate,482,60000,0.101,25999080.0,16320482.961410457,9678597.038589543,0.3722669047746898,26063027.844862394
2025-01-26,Port Harcourt,Product A,Salesperson 1,SME,432,15000,0.019,6356880.0,4556162.550030755,1800717.4499692451,0.28327063747770054,6895823.703506742
2025-01-27,Kano,Product C,Salesperson 4,Retail,404,30000,0.054,11465520.0,8258292.988122446,3207227.0118775535,0.27972800290589117,12692078.576702833
2025-01-27,Lagos,Product E,Salesperson 2,SME,316,60000,0.065,17727600.0,12629735.665423565,5097864.334576435,0.2875665253376901,18107948.1348134
2025-01-27,Port Harcourt,Product B,Salesperson 1,Retail,492,22000,0.125,9471000.0,6848030.837010727,2622969.1629892727,0.2769474356445225,9914752.254070085
2025-01-28,Port Harcourt,Product B,Salesperson 5,Retail,24,22000,0.051,501072.0,347643.0785494022,153428.92145059782,0.3062013472127714,468788.71003295475
2025-01-28,Port Harcourt,Product D,Salesperson 6,SME,472,45000,0.126,18563760.0,11434012.59346874,7129747.406531259,0.3840680663039847,17271663.59394413
2025-01-28,Ibadan,Product A,Salesperson 3,Retail,145,15000,0.116,1922700.0,1346545.62065257,576154.3793474301,0.2996590104267073,2187365.314824539
2025-01-28,Kano,Product C,Salesperson 4,SME,412,30000,0.003,12322920.0,9004398.536959676,3318521.463040324,0.26929668155277514,12446606.525816802
2025-01-28,Kano,Product C,Salesperson 6,Retail,401,30000,0.088,10971360.0,7458212.529641478,3513147.4703585217,0.32021075512593894,11472075.966392262
2025-01-29,Kano,Product D,Salesperson 4,Retail,186,45000,0.035,8077050.0,4744540.02275407,3332509.9772459297,0.4125899898163227,7540796.644404592
2025-01-29,Abuja,Product E,Salesperson 3,Retail,392,60000,0.041,22555680.0,14899849.560314266,7655830.439685734,0.3394191813186627,21021611.48085128
2025-01-29,Port Harcourt,Product B,Salesperson 4,Retail,227,22000,0.131,4339786.0,3102033.6404077644,1237752.3595922356,0.28521045959230146,4182933.419521972
2025-01-29,Lagos,Product A,Salesperson 7,SME,137,15000,0.14,1767300.0,1312327.000010709,454972.99998929095,0.2574395971194992,1980587.517820193
2025-01-29,Lagos,Product E,Salesperson 8,Retail,203,60000,0.019,11948580.0,8207859.76014062,3740720.23985938,0.3130681838226283,13249587.694935696
2025-01-29,Port Harcourt,Product E,Salesperson 3,Corporate,163,60000,0.005,9731100.0,7387179.284804702,2343920.715195298,0.24086904000527157,10161481.094794808
2025-01-31,Ibadan,Product E,Salesperson 3,Corporate,114,60000,0.037,6586920.0,4133718.359719194,2453201.640280806,0.37243531730775625,6802821.819386138
2025-02-01,Kano,Product C,Salesperson 2,Retail,174,30000,0.09,4750200.0,3612165.2037706487,1138034.7962293513,0.2395761854720541,4963496.923378549
2025-02-02,Ibadan,Product E,Salesperson 1,SME,341,60000,0.097,18475380.0,12131230.170052124,6344149.829947876,0.343383996970448,16775938.415614538
2025-02-02,Kano,Product C,Salesperson 4,SME,185,30000,0.14,4773000.0,3582647.409889697,1190352.590110303,0.24939295833025413,4771975.787100358
2025-02-02,Ibadan,Product A,Salesperson 4,Corporate,424,15000,0.067,5933880.0,4211920.051491378,1721959.9485086221,0.29019123212950415,5914788.49614343
2025-02-03,Lagos,Product E,Salesperson 6,Corporate,248,60000,0.066,13897920.0,9374792.527340228,4523127.472659772,0.32545355511182766,14145887.071433876
2025-02-03,Lagos,Product C,Salesperson 5,Corporate,366,30000,0.029,10661580.0,7156333.064626353,3505246.935373647,0.3287736841419046,10094947.109935518
2025-02-03,Kano,Product B,Salesperson 6,Retail,473,22000,0.038,10010572.0,6821239.834392862,3189332.1656071376,0.3185963964503864,11175375.642624348
2025-02-04,Lagos,Product B,Salesperson 2,Retail,120,22000,0.145,2257200.0,1301370.5288256416,955829.4711743584,0.42345803259540954,2236393.5313293017
2025-02-04,Kano,Product B,Salesperson 8,Retail,214,22000,0.028,4576176.0,2671508.4471855937,1904667.5528144063,0.4162137891581107,4464771.609514224
2025-02-04,Port Harcourt,Product E,Salesperson 4,SME,282,60000,0.128,14754240.0,9844564.941702044,4909675.058297956,0.33276367053117994,13900392.37327781
2025-02-04,Lagos,Product E,Salesperson 4,SME,235,60000,0.082,12943800.0,8471180.167082226,4472619.832917774,0.34554148186141426,13182484.169490812
2025-02-05,Port Harcourt,Product A,Salesperson 2,SME,499,15000,0.04,7185600.0,4390100.028791865,2795499.9712081347,0.38904196882767406,7181274.034029645
2025-02-05,Kano,Product A,Salesperson 7,SME,380,15000,0.062,5346600.0,3151037.797549572,2195562.202450428,0.41064642996491757,4892722.507794805
2025-02-06,Kano,Product C,Salesperson 2,SME,244,30000,0.137,6317160.0,3759916.841064333,2557243.158935667,0.4048089899473287,6084865.085396989
2025-02-06,Ibadan,Product A,Salesperson 8,Corporate,65,15000,0.005,970125.0,541029.7259207659,429095.2740792341,0.4423092633209474,966830.3492302231
2025-02-06,Ibadan,Product D,Salesperson 1,SME,465,45000,0.029,20318175.0,11670783.522498785,8647391.477501215,0.42559882851197095,20786085.58977138
2025-02-06,Port Harcourt,Product E,Salesperson 4,SME,454,60000,0.091,24761160.0,18026255.95258422,6734904.047415782,0.2719946903705554,22929304.35225631
2025-02-06,Kano,Product B,Salesperson 4,SME,489,22000,0.073,9972666.0,6432715.921933209,3539950.0780667914,0.3549652698753564,9997217.88872162
2025-02-07,Port Harcourt,Product B,Salesperson 7,Corporate,389,22000,0.013,8446746.0,5948805.483497115,2497940.516502885,0.2957281438914921,8081426.979295402
2025-02-07,Lagos,Product E,Salesperson 3,Corporate,435,60000,0.006,25943400.0,16345192.767512187,9598207.232487813,0.3699672067843002,29344037.23112493
2025-02-08,Kano,Product D,Salesperson 5,SME,257,45000,0.105,10350675.0,5865107.809808326,4485567.190191674,0.43335987171770673,9389695.54556371
2025-02-08,Kano,Product D,Salesperson 5,SME,491,45000,0.086,20194830.0,11771742.525021551,8423087.474978449,0.4170912790540177,20242886.022771742
2025-02-08,Kano,Product A,Salesperson 5,SME,51,15000,0.081,703035.0,457456.9811988631,245578.01880113687,0.3493112274653991,753684.1787802591
2025-02-08,Abuja,Product D,Salesperson 4,Retail,485,45000,0.094,19773450.0,12953893.761521153,6819556.238478847,0.34488449099569607,21004800.769237988
2025-02-08,Ibadan,Product B,Salesperson 7,Retail,280,22000,0.094,5580960.0,4315376.117685799,1265583.8823142014,0.2267681334957071,5103974.590592273
2025-02-08,Port Harcourt,Product D,Salesperson 5,Retail,52,45000,0.041,2244060.0,1712063.7620471197,531996.2379528803,0.23706863361624927,2103530.589400703
2025-02-08,Lagos,Product D,Salesperson 2,SME,354,45000,0.082,14623740.0,8428283.744207513,6195456.255792487,0.4236574402849399,13420962.173053069
2025-02-08,Abuja,Product B,Salesperson 4,SME,441,22000,0.004,9663192.0,6686846.511642193,2976345.4883578066,0.3080085222727445,9338373.9105593
2025-02-08,Port Harcourt,Product E,Salesperson 1,SME,162,60000,0.023,9496440.0,7296075.58502112,2200364.4149788804,0.23170413491570319,10577813.759903219
2025-02-09,Kano,Product B,Salesperson 1,SME,213,22000,0.041,4493874.0,3127178.663331431,1366695.3366685691,0.30412408907516525,4728122.36477737
2025-02-09,Port Harcourt,Product E,Salesperson 2,Retail,317,60000,0.035,18354300.0,12225679.824634375,6128620.175365625,0.3339065055799254,20819029.9661037
2025-02-09,Ibadan,Product A,Salesperson 7,Corporate,100,15000,0.072,1392000.0,988780.6988255645,403219.30117443553,0.28966903820002554,1310930.539905677
2025-02-09,Lagos,Product A,Salesperson 8,Corporate,63,15000,0.008,937440.0,624481.703063791,312958.29693620896,0.3338435493857836,945424.8987343932
2025-02-09,Lagos,Product A,Salesperson 6,Retail,115,15000,0.019,1692225.0,975745.9062277249,716479.0937722751,0.42339469856093315,1532768.9568316797
2025-02-10,Kano,Product E,Salesperson 7,Retail,332,60000,0.085,18226800.0,12850264.283749683,5376535.716250317,0.2949796846539336,20298310.281107154
2025-02-10,Kano,Product B,Salesperson 6,SME,96,22000,0.132,1833216.0,1057801.3004099969,775414.6995900031,0.4229805432584066,1884287.7507536428
2025-02-10,Abuja,Product E,Salesperson 4,Corporate,340,60000,0.079,18788400.0,10743646.26003208,8044753.73996792,0.42817662706605775,17747514.42913374
2025-02-10,Lagos,Product E,Salesperson 4,SME,413,60000,0.014,24433080.0,16740855.99869488,7692224.00130512,0.31482825748146037,22619178.484733667
2025-02-11,Ibadan,Product D,Salesperson 5,SME,343,45000,0.057,14555205.0,9045160.736727376,5510044.263272624,0.37856177657907425,15468103.22747818
2025-02-11,Ibadan,Product C,Salesperson 3,SME,287,30000,0.021,8429190.0,5234847.356744051,3194342.643255949,0.3789619931756134,9536636.625683198
2025-02-11,Lagos,Product E,Salesperson 2,SME,370,60000,0.047,21156600.0,13884913.861459857,7271686.138540143,0.34370769114792277,23373973.405493822
2025-02-11,Lagos,Product C,Salesperson 6,Corporate,284,30000,0.133,7386840.0,4769171.376389079,2617668.623610921,0.35436920572408787,8195992.978819401
2025-02-12,Kano,Product D,Salesperson 8,SME,377,45000,0.125,14844375.0,10185324.109032616,4659050.890967384,0.31385968698361394,14933278.62787999
2025-02-12,Lagos,Product C,Salesperson 5,Retail,267,30000,0.129,6976710.0,4485163.124036665,2491546.875963335,0.3571234687930751,7511807.094982575
2025-02-13,Kano,Product E,Salesperson 7,Retail,255,60000,0.033,14795100.0,9137761.192958275,5657338.807041725,0.3823792206231607,15493278.78484767
2025-02-15,Kano,Product C,Salesperson 3,SME,16,30000,0.008,476160.0,300834.583368291,175325.41663170903,0.3682069401707599,482158.434695362
2025-02-15,Ibadan,Product C,Salesperson 7,Corporate,175,30000,0.09,4777500.0,3526447.1160789104,1251052.8839210896,0.26186350265224273,5049363.486988094
2025-02-15,Ibadan,Product D,Salesperson 2,Corporate,19,45000,0.057,806265.0,591808.5994621898,214456.40053781017,0.2659874861711846,877889.3354991301
2025-02-15,Kano,Product C,Salesperson 6,Retail,115,30000,0.062,3236100.0,2432972.875088472,803127.1249115281,0.2481774744017577,3048100.035686129
2025-02-16,Port Harcourt,Product A,Salesperson 6,SME,321,15000,0.025,4694625.0,3102314.1498112013,1592310.8501887987,0.3391774316774607,4736295.697376939
2025-02-16,Ibadan,Product E,Salesperson 3,SME,109,60000,0.085,5984100.0,3947175.953170754,2036924.046829246,0.34038937297659566,5591734.982277181
2025-02-16,Ibadan,Product A,Salesperson 4,Corporate,416,15000,0.069,5809440.0,3432338.1164381425,2377101.8835618575,0.40917917795206726,5728923.932685271
2025-02-16,Lagos,Product D,Salesperson 6,SME,296,45000,0.062,12494160.0,8358793.348352033,4135366.6516479673,0.330983967841613,12103431.188459279
2025-02-16,Kano,Product C,Salesperson 7,SME,83,30000,0.081,2288310.0,1577388.5643318568,710921.4356681432,0.3106753174474364,2591099.552014788
2025-02-16,Kano,Product E,Salesperson 5,SME,464,60000,0.104,24944640.0,14707476.52252981,10237163.47747019,0.41039531849207644,23979844.270376742
2025-02-16,Port Harcourt,Product E,Salesperson 1,SME,345,60000,0.033,20016900.0,14223800.04954231,5793099.95045769,0.28941044569627117,19284629.04907327
2025-02-17,Kano,Product D,Salesperson 8,SME,436,45000,0.001,19600380.0,12770742.769503323,6829637.230496677,0.34844412355763904,18871773.541226845
2025-02-17,Kano,Product A,Salesperson 7,SME,88,15000,0.081,1213080.0,922089.9392366478,290990.0607633522,0.23987705737738005,1103069.9843738673
2025-02-18,Abuja,Product B,Salesperson 5,SME,388,22000,0.144,7306816.0,5466107.84610822,1840708.1538917804,0.2519165877301112,8368890.424736441
2025-02-18,Port Harcourt,Product A,Salesperson 4,SME,476,15000,0.0,7140000.0,5450853.545271437,1689146.4547285633,0.23657513371548505,7776446.498203202
2025-02-20,Ibadan,Product C,Salesperson 5,Corporate,486,30000,0.089,13282380.0,9779170.360265551,3503209.639734449,0.2637486384017359,12595066.595463237
2025-02-20,Lagos,Product D,Salesperson 2,Corporate,419,45000,0.068,17572860.0,11354404.662953287,6218455.337046713,0.3538670049750987,20028860.472715423
2025-02-20,Kano,Product C,Salesperson 4,Corporate,42,30000,0.046,1202040.0,803249.478653304,398790.52134669595,0.3317614400075671,1291530.986405619
2025-02-20,Abuja,Product A,Salesperson 7,Corporate,332,15000,0.144,4262880.0,2567912.0994906095,1694967.9005093905,0.3976109814279057,4135224.229257991
2025-02-20,Lagos,Product A,Salesperson 6,Corporate,263,15000,0.131,3428205.0,2393117.6020355173,1035087.3979644827,0.3019327601367137,3502982.3447560193
2025-02-22,Ibadan,Product D,Salesperson 3,Retail,422,45000,0.016,18686160.0,13321634.997971326,5364525.002028674,0.2870854687120668,17368687.615030043
2025-02-22,Abuja,Product C,Salesperson 1,Corporate,404,30000,0.094,10980720.0,6129336.821671119,4851383.178328881,0.44180920543724644,11184757.069763247
2025-02-22,Abuja,Product A,Salesperson 4,SME,160,15000,0.036,2313600.0,1781151.1591862026,532448.8408137974,0.23013867600872986,2086264.2684962237
2025-02-22,Port Harcourt,Product D,Salesperson 3,Retail,298,45000,0.137,11572830.0,7564272.538344675,4008557.4616553253,0.3463765960145725,13233621.445323363
2025-02-22,Abuja,Product D,Salesperson 3,Corporate,291,45000,0.06,12309300.0,7101015.017380671,5208284.982619329,0.423117885064084,12447837.120895129
2025-02-23,Ibadan,Product E,Salesperson 5,Corporate,92,60000,0.087,5039760.0,3792404.470522044,1247355.5294779558,0.24750296233907088,5586468.881584878
2025-02-23,Kano,Product E,Salesperson 7,Corporate,335,60000,0.102,18049800.0,12651350.317584433,5398449.682415567,0.2990863988750882,18876459.00823915
2025-02-23,Abuja,Product C,Salesperson 3,SME,203,30000,0.096,5505360.0,3124019.1607077215,2381340.8392922785,0.432549522518469,6276457.685267746
2025-02-23,Abuja,Product D,Salesperson 8,SME,102,45000,0.12,4039200.0,2724332.3629000694,1314867.6370999306,0.3255267471528844,4391537.033355209
2025-02-23,Ibadan,Product A,Salesperson 6,Corporate,94,15000,0.043,1349370.0,864346.2522695855,485023.7477304145,0.3594445909798013,1265962.212494833
2025-02-24,Ibadan,Product E,Salesperson 4,SME,342,60000,0.107,18324360.0,12747436.337834395,5576923.6621656045,0.30434479906341094,17531238.253661044
2025-02-24,Abuja,Product B,Salesperson 1,Retail,204,22000,0.015,4420680.0,2579837.6232689717,1840842.3767310283,0.41641611171381515,4511802.8915211
2025-02-24,Lagos,Product C,Salesperson 7,Retail,211,30000,0.052,6000840.0,4412319.178704571,1588520.821295429,0.26471640991851625,6531170.087480194
2025-02-25,Kano,Product B,Salesperson 8,Corporate,453,22000,0.128,8690352.0,6733927.354623653,1956424.645376347,0.22512605305013503,9103396.657788528
2025-02-25,Abuja,Product E,Salesperson 4,Corporate,354,60000,0.049,20199240.0,13795936.511976939,6403303.488023061,0.3170071491810118,20769275.69497887
2025-02-27,Port Harcourt,Product D,Salesperson 8,Corporate,371,45000,0.057,15743385.0,10460840.11228045,5282544.887719549,0.33554060246379985,16188692.5544504
2025-02-27,Abuja,Product E,Salesperson 4,Retail,219,60000,0.032,12719520.0,8557144.14695151,4162375.8530484904,0.3272431548555677,13440219.715689395
2025-02-27,Port Harcourt,Product C,Salesperson 3,Retail,186,30000,0.073,5172660.0,3887498.347288641,1285161.6527113589,0.24845275983949436,5566811.3074318785
2025-02-27,Kano,Product E,Salesperson 8,SME,285,60000,0.028,16621200.0,10638141.136917686,5983058.863082314,0.35996551771727153,17000782.874793883
2025-02-28,Port Harcourt,Product A,Salesperson 1,Corporate,154,15000,0.005,2298450.0,1458507.5362718485,839942.4637281515,0.36543864940640497,2151865.5808712426
2025-02-28,Kano,Product B,Salesperson 2,Corporate,414,22000,0.013,8989596.0,6857361.523963603,2132234.476036397,0.2371891324188981,8704359.37837068
2025-02-28,Port Harcourt,Product C,Salesperson 2,SME,284,30000,0.136,7361280.0,5146733.552868063,2214546.4471319374,0.3008371434223311,6996344.475229128
2025-02-28,Port Harcourt,Product A,Salesperson 4,Corporate,110,15000,0.031,1598850.0,1238103.5301011659,360746.4698988341,0.22562871432519255,1795221.822164962
2025-03-01,Port Harcourt,Product B,Salesperson 7,SME,69,22000,0.056,1432992.0,888816.4006107373,544175.5993892627,0.3797478278938492,1407590.740931002
2025-03-02,Abuja,Product A,Salesperson 8,SME,91,15000,0.034,1318590.0,738385.809711438,580204.190288562,0.44001864892693104,1389346.4686548377
2025-03-02,Ibadan,Product D,Salesperson 7,SME,132,45000,0.002,5928120.0,4242754.010932896,1685365.9890671037,0.28430024848807106,5409437.393141667
2025-03-02,Kano,Product C,Salesperson 3,SME,31,30000,0.059,875130.0,534856.7331361733,340273.26686382666,0.3888259651295541,849869.5060668462
2025-03-03,Kano,Product D,Salesperson 1,Corporate,301,45000,0.136,11702880.0,9009866.308375578,2693013.6916244216,0.23011546658808957,11285020.290409388
2025-03-03,Kano,Product B,Salesperson 3,Corporate,391,22000,0.007,8541786.0,5341522.572204058,3200263.427795942,0.37465975239791094,8758312.755328711
2025-03-03,Lagos,Product E,Salesperson 4,Retail,172,60000,0.134,8937120.0,5728358.666484593,3208761.3335154066,0.3590375124777788,10172712.981803639
2025-03-04,Ibadan,Product D,Salesperson 5,Corporate,35,45000,0.081,1447425.0,1041375.783646554,406049.216353446,0.2805321286791689,1532099.6401942715
2025-03-04,Port Harcourt,Product E,Salesperson 7,SME,364,60000,0.047,20813520.0,13428945.406193707,7384574.593806293,0.3547970066479045,22630629.612490676
2025-03-04,Kano,Product B,Salesperson 8,Retail,448,22000,0.134,8535296.0,5830244.158645922,2705051.8413540777,0.31692536982362157,9063863.568805186
2025-03-04,Ibadan,Product E,Salesperson 2,Retail,203,60000,0.1,10962000.0,7280198.324858767,3681801.675141233,0.3358695197173174,10481727.479625048
2025-03-05,Port Harcourt,Product E,Salesperson 7,Retail,57,60000,0.036,3296880.0,2029792.6366404798,1267087.3633595202,0.3843292335054719,3041917.506591167
2025-03-06,Port Harcourt,Product D,Salesperson 2,SME,99,45000,0.004,4437180.0,3289328.6526033846,1147851.3473966154,0.25868938095741334,4594352.485466494
2025-03-06,Lagos,Product C,Salesperson 2,Corporate,95,30000,0.142,2445300.0,1885680.6880968772,559619.3119031228,0.2288550737754561,2386313.3270911113
2025-03-07,Lagos,Product E,Salesperson 7,Corporate,62,60000,0.063,3485640.0,2707881.825124802,777758.1748751979,0.22313210052535487,3754451.0345659694
2025-03-08,Kano,Product C,Salesperson 8,Corporate,79,30000,0.059,2230170.0,1335191.3137991803,894978.6862008197,0.40130514095374775,2274238.5637944383
2025-03-10,Abuja,Product C,Salesperson 4,Retail,113,30000,0.122,2976420.0,1992283.376441329,984136.623558671,0.33064440621910585,2847615.995409954
2025-03-10,Lagos,Product E,Salesperson 1,SME,456,60000,0.078,25225920.0,15463499.56106367,9762420.43893633,0.3869995797551221,22791503.393219654
2025-03-10,Lagos,Product E,Salesperson 4,SME,372,60000,0.001,22297680.0,15245242.854707342,7052437.145292658,0.3162856918429477,22122758.33769951
2025-03-10,Port Harcourt,Product E,Salesperson 3,Retail,61,60000,0.072,3396480.0,2074764.7236691865,1321715.2763308135,0.38914266426736316,3485686.6793656093
2025-03-10,Ibadan,Product B,Salesperson 3,SME,251,22000,0.096,4991888.0,3384172.449515121,1607715.550484879,0.3220656293740723,5714790.588947348
2025-03-11,Lagos,Product C,Salesperson 1,SME,486,30000,0.148,12422160.0,8858767.60187729,3563392.3981227092,0.2868577121951987,12832436.410576168
2025-03-13,Kano,Product E,Salesperson 5,Corporate,94,60000,0.14,4850400.0,3000213.8540858547,1850186.1459141453,0.38145021975798804,5174461.0792006655
2025-03-13,Kano,Product B,Salesperson 5,SME,465,22000,0.062,9595740.0,7105165.2581781475,2490574.7418218525,0.25955004427192196,9421521.376112636
2025-03-13,Abuja,Product A,Salesperson 5,Retail,187,15000,0.144,2401080.0,1449486.7163742196,951593.2836257804,0.39631885802463074,2721189.832058782
2025-03-14,Port Harcourt,Product D,Salesperson 1,Retail,42,45000,0.135,1634850.0,1175890.6143670545,458959.38563294546,0.2807348598543875,1845409.0087123772
2025-03-14,Port Harcourt,Product D,Salesperson 5,SME,358,45000,0.06,15143400.0,9038414.013873033,6104985.986126967,0.4031449995461367,13663154.094055664
2025-03-14,Lagos,Product D,Salesperson 7,Corporate,143,45000,0.133,5579145.0,3550935.1327110636,2028209.8672889364,0.36353417365724255,5858384.759899708
2025-03-15,Kano,Product A,Salesperson 2,SME,47,15000,0.012,696540.0,392354.9118730098,304185.0881269902,0.4367087146854311,628143.2454714924
2025-03-16,Abuja,Product D,Salesperson 5,Retail,122,45000,0.112,4875120.0,3261185.117060797,1613934.8829392032,0.33105541667470817,4819379.975839684
2025-03-16,Kano,Product E,Salesperson 5,Corporate,197,60000,0.106,10567080.0,7029653.776737084,3537426.2232629163,0.3347591031072838,11998851.795603972
2025-03-16,Abuja,Product D,Salesperson 8,Corporate,420,45000,0.068,17614800.0,10544051.426735077,7070748.573264923,0.4014095291042148,20109096.61733874
2025-03-16,Kano,Product E,Salesperson 3,Corporate,362,60000,0.123,19048440.0,13102538.350298846,5945901.649701154,0.31214638310019893,19744178.59458055
2025-03-16,Abuja,Product E,Salesperson 6,SME,319,60000,0.034,18489240.0,13968860.333398608,4520379.6666013915,0.24448704579535943,18954867.964019388
2025-03-16,Kano,Product E,Salesperson 8,Retail,414,60000,0.011,24566760.0,13644269.79598543,10922490.20401457,0.44460442500413444,28082966.469935667
2025-03-17,Port Harcourt,Product C,Salesperson 4,SME,412,30000,0.075,11433000.0,6874417.113003383,4558582.886996617,0.39872149803171664,10777204.200437132
2025-03-17,Abuja,Product E,Salesperson 5,Retail,428,60000,0.012,25371840.0,18646910.16072424,6724929.839275759,0.26505487340593975,23100887.32365351
2025-03-19,Kano,Product B,Salesperson 7,Retail,213,22000,0.104,4198656.0,3173618.5713309892,1025037.4286690108,0.24413465372467064,4726401.917400722
2025-03-19,Port Harcourt,Product A,Salesperson 8,SME,11,15000,0.073,152955.0,109887.3348047261,43067.665195273905,0.28157082276011836,140911.46177421755
2025-03-19,Ibadan,Product A,Salesperson 6,Retail,233,15000,0.149,2974245.0,1886861.924193284,1087383.075806716,0.3655996986820911,3090283.1872266317
2025-03-19,Abuja,Product A,Salesperson 2,Corporate,190,15000,0.016,2804400.0,1705080.4044572108,1099319.5955427892,0.391998144181568,2696765.66240425
2025-03-19,Abuja,Product A,Salesperson 2,Retail,232,15000,0.124,3048480.0,1827859.9058911342,1220620.0941088658,0.4004028545730547,2963630.3625950217
2025-03-20,Kano,Product B,Salesperson 8,SME,42,22000,0.13,803880.0,450931.77066951286,352948.22933048714,0.4390558657143941,813514.9875800946
2025-03-21,Kano,Product C,Salesperson 2,SME,455,30000,0.068,12721800.0,9727292.348724576,2994507.6512754243,0.23538395913120977,13001973.029159741
2025-03-22,Abuja,Product B,Salesperson 1,SME,241,22000,0.062,4973276.0,3248303.1887794062,1724972.8112205938,0.3468483975593942,4883940.024330814
2025-03-22,Abuja,Product B,Salesperson 2,Corporate,220,22000,0.036,4665760.0,3549089.152929592,1116670.847070408,0.2393331090905679,5089118.089851025
2025-03-22,Ibadan,Product C,Salesperson 4,SME,176,30000,0.091,4799520.0,3263233.999790999,1536286.000209001,0.3200915925361288,5402940.865274705
2025-03-22,Ibadan,Product E,Salesperson 7,Retail,213,60000,0.074,11834280.0,7892676.296695775,3941603.7033042246,0.3330666253717357,11331324.43889612
2025-03-23,Ibadan,Product A,Salesperson 6,Corporate,176,15000,0.021,2584560.0,1747035.2868393122,837524.7131606878,0.3240492436471538,2539034.354155121
2025-03-23,Kano,Product E,Salesperson 7,SME,279,60000,0.018,16438680.0,10913029.242724016,5525650.757275984,0.33613713249944543,18235592.108808696
2025-03-24,Kano,Product A,Salesperson 7,SME,453,15000,0.064,6360120.0,4569280.853249969,1790839.146750031,0.28157316949208994,6986142.5185212605
2025-03-25,Kano,Product C,Salesperson 3,Corporate,441,30000,0.006,13150620.0,8926287.473627,4224332.526373001,0.3212268719172937,11911525.360101024
2025-03-25,Lagos,Product A,Salesperson 5,Corporate,74,15000,0.03,1076700.0,626453.2056064432,450246.7943935568,0.41817293061535876,1183286.0978331906
2025-03-25,Abuja,Product D,Salesperson 1,Retail,37,45000,0.119,1466865.0,812968.5850175244,653896.4149824756,0.4457781833927973,1641496.511232538
2025-03-25,Port Harcourt,Product A,Salesperson 2,Retail,335,15000,0.122,4411950.0,2887366.336984965,1524583.663015035,0.34555778352316663,4644143.388579101
2025-03-25,Kano,Product D,Salesperson 3,SME,224,45000,0.124,8830080.0,5185340.77333456,3644739.22666544,0.4127640096879575,9292566.747909568
2025-03-25,Port Harcourt,Product E,Salesperson 1,Retail,280,60000,0.056,15859200.0,9204635.414288718,6654564.585711282,0.4196027911692445,17332063.231674146
2025-03-26,Port Harcourt,Product E,Salesperson 7,Corporate,448,60000,0.025,26208000.0,19245212.309467457,6962787.690532543,0.2656741334910158,25871900.816643193
2025-03-26,Port Harcourt,Product C,Salesperson 6,Corporate,152,30000,0.038,4386720.0,3292963.5184422866,1093756.4815577134,0.24933355253075495,4208309.5798463235
2025-03-27,Lagos,Product C,Salesperson 5,SME,344,30000,0.073,9566640.0,6710091.713991484,2856548.2860085163,0.29859472981198376,9330405.572610632
2025-03-27,Lagos,Product E,Salesperson 5,SME,434,60000,0.012,25727520.0,16526849.930018092,9200670.069981908,0.35761978107419246,23317954.36650961
2025-03-27,Ibadan,Product C,Salesperson 2,SME,475,30000,0.019,13979250.0,7697050.479003771,6282199.520996229,0.44939460421669464,15295536.439918373
2025-03-27,Kano,Product A,Salesperson 8,Corporate,132,15000,0.124,1734480.0,1213305.6415702333,521174.3584297667,0.3004787362378158,1921013.456109481
2025-03-27,Abuja,Product C,Salesperson 4,Retail,355,30000,0.013,10511550.0,6623254.569587679,3888295.4304123214,0.3699069528673051,11427096.42952913
2025-03-28,Ibadan,Product B,Salesperson 4,SME,61,22000,0.057,1265506.0,777565.92386644,487940.07613356004,0.38556915268166253,1250809.9490721785
2025-03-28,Port Harcourt,Product B,Salesperson 5,Retail,148,22000,0.089,2966216.0,1840722.965592034,1125493.034407966,0.37943731488467664,2929986.408307166
2025-03-29,Ibadan,Product E,Salesperson 7,SME,481,60000,0.144,24704160.0,14229915.833497416,10474244.166502584,0.42398705993252084,23311981.67272059
2025-03-29,Port Harcourt,Product B,Salesperson 3,Corporate,162,22000,0.142,3057912.0,2277083.781632721,780828.218367279,0.25534685706039906,3304405.258365328
2025-03-29,Abuja,Product A,Salesperson 4,Corporate,136,15000,0.061,1915560.0,1148284.5427986872,767275.4572013128,0.40054890329789344,1910592.0034525776
2025-03-30,Lagos,Product A,Salesperson 3,SME,332,15000,0.066,4651320.0,3201266.3993352577,1450053.6006647423,0.3117509869595604,4796908.8744943775
2025-03-30,Kano,Product B,Salesperson 4,SME,63,22000,0.061,1301454.0,853698.5693399899,447755.4306600101,0.3440424560991092,1355616.1575546546
2025-03-30,Ibadan,Product B,Salesperson 1,SME,464,22000,0.037,9830304.0,5566905.983359914,4263398.016640086,0.43369950884937897,9035836.947793834
2025-03-31,Port Harcourt,Product D,Salesperson 3,SME,413,45000,0.076,17172540.0,11415201.006636586,5757338.993363414,0.33526426453881686,16523174.422528995
2025-03-31,Ibadan,Product E,Salesperson 4,Retail,245,60000,0.051,13950300.0,8910721.659475489,5039578.340524511,0.36125232722769485,15343860.489704043
2025-03-31,Ibadan,Product D,Salesperson 4,Retail,324,45000,0.109,12990780.0,8602645.46080352,4388134.53919648,0.3377883806204462,13020476.234301124
2025-03-31,Abuja,Product A,Salesperson 8,Corporate,89,15000,0.015,1314975.0,926331.1349192581,388643.86508074193,0.2955522843253613,1348910.6733685276
2025-04-01,Ibadan,Product C,Salesperson 7,Corporate,275,30000,0.08,7590000.0,5907637.904719326,1682362.0952806743,0.22165508501721665,7311533.076368876
2025-04-02,Kano,Product D,Salesperson 7,Retail,324,45000,0.097,13165740.0,8871449.031701665,4294290.968298335,0.3261716370138203,13687052.212931342
2025-04-02,Ibadan,Product B,Salesperson 7,Corporate,82,22000,0.002,1800392.0,1131120.121837287,669271.878162713,0.3717367540861729,1661349.7129686815
2025-04-02,Abuja,Product C,Salesperson 7,Corporate,165,30000,0.115,4380750.0,2607857.561573477,1772892.438426523,0.4047006650519941,4915960.700167125
2025-04-02,Port Harcourt,Product D,Salesperson 1,SME,266,45000,0.009,11862270.0,7754458.9017047705,4107811.0982952295,0.34629215978857586,11353173.508248933
2025-04-03,Ibadan,Product B,Salesperson 5,Corporate,73,22000,0.1,1445400.0,904258.9738589199,541141.0261410801,0.3743884226795905,1407331.3811216345
2025-04-03,Ibadan,Product D,Salesperson 8,Corporate,443,45000,0.003,19875195.0,15262555.052084962,4612639.947915038,0.23208023608900633,20065662.847556632
2025-04-04,Abuja,Product E,Salesperson 6,SME,200,60000,0.02,11760000.0,9072372.112176096,2687627.887823904,0.22853978637958366,12693257.285582066
2025-04-05,Port Harcourt,Product D,Salesperson 8,Retail,32,45000,0.059,1355040.0,937009.3825014769,418030.6174985231,0.3085005737827098,1423139.5262580686
2025-04-05,Abuja,Product E,Salesperson 7,SME,164,60000,0.05,9348000.0,5284915.717939322,4063084.282060678,0.43464744138432587,9637876.03448055
2025-04-05,Abuja,Product E,Salesperson 8,Retail,338,60000,0.084,18576480.0,13871872.701488426,4704607.298511574,0.25325612271601367,17717422.614798445
2025-04-05,Kano,Product E,Salesperson 2,Corporate,480,60000,0.028,27993600.0,16328203.482662797,11665396.517337203,0.41671655368860033,29734430.565557
2025-04-06,Abuja,Product A,Salesperson 6,SME,313,15000,0.035,4530675.0,2501501.495716306,2029173.504283694,0.4478744346667316,4847048.258154871
2025-04-06,Port Harcourt,Product D,Salesperson 8,SME,164,45000,0.122,6479640.0,3714366.1334317625,2765273.8665682375,0.4267635033070105,5863914.6125253895
2025-04-06,Port Harcourt,Product E,Salesperson 3,SME,95,60000,0.002,5688600.0,3244032.864750001,2444567.135249999,0.42973088901487166,6124866.2455995185
2025-04-06,Ibadan,Product B,Salesperson 2,SME,223,22000,0.054,4641076.0,3107857.416392732,1533218.583607268,0.33035843058964515,4304166.595492285
2025-04-07,Ibadan,Product B,Salesperson 8,Retail,173,22000,0.011,3764134.0,2186964.6038166154,1577169.3961833846,0.4189992694689893,4182354.0677481606
2025-04-08,Port Harcourt,Product A,Salesperson 6,SME,354,15000,0.02,5203800.0,3895682.8620551624,1308117.1379448376,0.2513772892779964,5793109.494509757
2025-04-08,Kano,Product B,Salesperson 5,Retail,207,22000,0.096,4116816.0,2363179.8032459724,1753636.1967540276,0.425969049079198,4386133.019190725
2025-04-08,Abuja,Product C,Salesperson 4,SME,235,30000,0.029,6845550.0,4601620.346790288,2243929.6532097124,0.3277939176851695,6227199.953999379
2025-04-09,Ibadan,Product D,Salesperson 8,Retail,314,45000,0.086,12914820.0,7581683.894541077,5333136.105458923,0.41294699465102286,14058693.140082467
2025-04-09,Kano,Product E,Salesperson 7,Corporate,134,60000,0.01,7959600.0,4741938.602243247,3217661.3977567526,0.4042491328404383,7486460.623524919
2025-04-09,Ibadan,Product C,Salesperson 7,Retail,472,30000,0.081,13013040.0,9081171.824444791,3931868.1755552087,0.30214832011238024,14125025.33365936
2025-04-09,Port Harcourt,Product E,Salesperson 2,Corporate,151,60000,0.037,8724780.0,5990018.038425175,2734761.9615748255,0.31344766992116996,9543144.23003002
2025-04-09,Lagos,Product A,Salesperson 2,Corporate,290,15000,0.004,4332600.0,2792900.1706774402,1539699.8293225598,0.355375485695093,3995342.806600008
2025-04-09,Lagos,Product E,Salesperson 4,Corporate,318,60000,0.061,17916120.0,13946403.367067602,3969716.6329323985,0.2215723400452999,19279642.533306304
2025-04-09,Kano,Product B,Salesperson 6,SME,247,22000,0.116,4803656.0,2850844.821004849,1952811.178995151,0.4065260249683056,5433028.373467161
2025-04-09,Ibadan,Product C,Salesperson 6,Corporate,367,30000,0.093,9986070.0,6151213.2196796695,3834856.7803203305,0.3840206187539573,10574233.250719374
2025-04-09,Port Harcourt,Product D,Salesperson 1,SME,489,45000,0.024,21476880.0,12422692.856938468,9054187.143061532,0.4215783271621172,24613390.183756463
2025-04-09,Port Harcourt,Product B,Salesperson 2,Corporate,161,22000,0.104,3173632.0,2411625.0896412744,762006.9103587256,0.24010562987729062,3077402.4913027086
2025-04-10,Kano,Product D,Salesperson 8,SME,413,45000,0.012,18361980.0,11944794.040987864,6417185.959012136,0.3494822431465526,18898318.59810138
2025-04-10,Abuja,Product C,Salesperson 1,Retail,359,30000,0.145,9208350.0,5600119.243048289,3608230.756951711,0.39184335488461136,9640380.577533448
2025-04-10,Ibadan,Product A,Salesperson 4,Retail,295,15000,0.057,4172775.0,2360093.04428838,1812681.95571162,0.4344068289595341,3785184.073312881
2025-04-12,Port Harcourt,Product C,Salesperson 6,Corporate,367,30000,0.039,10580610.0,7007718.190693042,3572891.8093069578,0.33768297000900305,9860741.84607573
2025-04-12,Ibadan,Product B,Salesperson 6,Corporate,239,22000,0.043,5031906.0,3628032.3202844467,1403873.6797155533,0.27899441677081277,4940188.82789967
2025-04-13,Lagos,Product C,Salesperson 5,SME,150,30000,0.019,4414500.0,2746149.9262779676,1668350.0737220324,0.37792503652101767,4353169.402506445
2025-04-13,Abuja,Product B,Salesperson 6,SME,21,22000,0.136,399168.0,224287.59198011633,174880.40801988367,0.4381122936204397,392389.5177130907
2025-04-13,Port Harcourt,Product D,Salesperson 5,Retail,332,45000,0.107,13341420.0,9038265.531677948,4303154.468322052,0.32254096402947,15060718.393155966
2025-04-13,Port Harcourt,Product D,Salesperson 6,Retail,397,45000,0.002,17829270.0,10863083.586668612,6966186.413331388,0.3907163004055347,18993211.934443537
2025-04-14,Ibadan,Product D,Salesperson 7,Retail,292,45000,0.005,13074300.0,9954494.89343187,3119805.1065681297,0.23862119628340558,13993453.549884068
2025-04-14,Abuja,Product D,Salesperson 7,SME,101,45000,0.024,4435920.0,2857297.624949608,1578622.375050392,0.3558725980293585,4502815.215145853
2025-04-14,Abuja,Product D,Salesperson 6,SME,189,45000,0.008,8436960.0,5574240.48854063,2862719.51145937,0.33930699107965073,9176905.39805022
2025-04-15,Ibadan,Product A,Salesperson 4,Retail,354,15000,0.01,5256900.0,3332712.923280416,1924187.076719584,0.3660307551445879,4956979.542403419
2025-04-16,Abuja,Product A,Salesperson 1,Retail,340,15000,0.132,4426800.0,2450667.4401233983,1976132.5598766017,0.4464020420792902,4059761.1426817174
2025-04-16,Abuja,Product A,Salesperson 4,Retail,33,15000,0.044,473220.0,274802.9127185717,198417.08728142828,0.41929142318885143,479312.22707752587
2025-04-16,Abuja,Product A,Salesperson 4,Corporate,118,15000,0.04,1699200.0,936640.778862221,762559.221137779,0.44877543616865523,1883975.0646196078
2025-04-16,Abuja,Product A,Salesperson 8,Corporate,114,15000,0.044,1634760.0,962926.2874551286,671833.7125448714,0.4109677949942936,1646783.1639986474
2025-04-16,Port Harcourt,Product E,Salesperson 5,Corporate,375,60000,0.072,20880000.0,16032692.170328716,4847307.829671284,0.23215075812601935,21500603.355218645
2025-04-17,Abuja,Product D,Salesperson 6,Corporate,410,45000,0.1,16605000.0,12691984.460960995,3913015.5390390046,0.2356528478794944,15090063.369613955
2025-04-17,Port Harcourt,Product C,Salesperson 8,Retail,30,30000,0.136,777600.0,451395.9585370857,326204.0414629143,0.41950108212823345,801238.945325474
2025-04-17,Port Harcourt,Product E,Salesperson 8,SME,163,60000,0.07,9095400.0,6385798.667318808,2709601.332681192,0.29790897955902895,8248690.643139457
2025-04-17,Port Harcourt,Product E,Salesperson 1,Corporate,217,60000,0.113,11548740.0,6586940.876600977,4961799.123399023,0.42963986750061245,12245967.371206874
2025-04-18,Lagos,Product E,Salesperson 4,Corporate,408,60000,0.1,22032000.0,14044184.924939495,7987815.075060505,0.36255515046570924,22051665.721612405
2025-04-18,Kano,Product D,Salesperson 6,Retail,465,45000,0.074,19376550.0,12341838.189150363,7034711.810849637,0.36305285568636503,20404519.881164152
2025-04-19,Port Harcourt,Product E,Salesperson 8,Retail,86,60000,0.024,5036160.0,3217570.1722878153,1818589.8277121847,0.36110644374129985,5170488.48971497
2025-04-19,Abuja,Product A,Salesperson 7,Retail,311,15000,0.008,4627680.0,3458332.4236994735,1169347.5763005265,0.2526854873933648,4598445.814592071
2025-04-19,Kano,Product A,Salesperson 7,SME,142,15000,0.009,2110830.0,1314513.5570459173,796316.4429540827,0.3772527597931064,2222962.306566434
2025-04-21,Ibadan,Product A,Salesperson 3,Retail,247,15000,0.098,3341910.0,2403984.1660049604,937925.8339950396,0.2806556232798129,3308936.1408744
2025-04-21,Abuja,Product D,Salesperson 6,Retail,146,45000,0.148,5597640.0,3409361.6598636964,2188278.3401363036,0.39092873784957655,6111612.927277486
2025-04-21,Abuja,Product E,Salesperson 3,Corporate,196,60000,0.007,11677680.0,6503354.31557461,5174325.68442539,0.4430953480850126,11705329.073284935
2025-04-21,Port Harcourt,Product B,Salesperson 5,SME,10,22000,0.12,193600.0,127392.76475354191,66207.23524645809,0.3419795209011265,179592.37904785541
2025-04-22,Abuja,Product C,Salesperson 4,Corporate,238,30000,0.027,6947220.0,4259444.13223297,2687775.8677670304,0.3868850947237932,7805296.508591136
2025-04-23,Abuja,Product E,Salesperson 3,Corporate,473,60000,0.133,24605460.0,18009497.393978287,6595962.606021713,0.2680690629649563,26122834.140241474
2025-04-23,Lagos,Product A,Salesperson 4,Retail,101,15000,0.029,1471065.0,852971.2073743228,618093.7926256772,0.42016756066229377,1585034.0814268219
2025-04-23,Ibadan,Product E,Salesperson 6,Retail,457,60000,0.001,27392580.0,17707312.278439235,9685267.721560765,0.35357267265663783,25393921.094286773
2025-04-23,Kano,Product B,Salesperson 6,Corporate,421,22000,0.006,9206428.0,5962389.821127091,3244038.1788729094,0.3523666484843969,9145759.523268683
2025-04-23,Kano,Product D,Salesperson 2,Retail,24,45000,0.0,1080000.0,742091.7750795505,337908.22492044955,0.31287798603745326,1145844.340439884
2025-04-23,Port Harcourt,Product D,Salesperson 3,SME,373,45000,0.011,16600365.0,11467473.900564667,5132891.099435333,0.30920350844305733,15519377.371141354
2025-04-23,Port Harcourt,Product A,Salesperson 7,Corporate,57,15000,0.031,828495.0,510539.20017572516,317955.79982427484,0.38377515835855963,902953.2062849165
2025-04-24,Kano,Product E,Salesperson 7,SME,131,60000,0.021,7694940.0,5921433.081357373,1773506.918642627,0.23047703018381263,7246398.550893565
2025-04-24,Kano,Product D,Salesperson 2,Corporate,148,45000,0.092,6047280.0,3957118.4890359542,2090161.5109640458,0.3456366351424187,5514916.169738231
2025-04-25,Abuja,Product E,Salesperson 4,SME,240,60000,0.06,13536000.0,10018634.653199177,3517365.3468008228,0.2598526408688551,13354494.094519144
2025-04-25,Port Harcourt,Product E,Salesperson 5,SME,75,60000,0.053,4261500.0,2549323.104503173,1712176.895496827,0.40177798791430885,4361690.9193616565
2025-04-25,Lagos,Product A,Salesperson 4,SME,209,15000,0.092,2846580.0,1821672.3328799116,1024907.6671200884,0.36004878384590927,3112087.73383111
2025-04-26,Port Harcourt,Product D,Salesperson 1,Retail,363,45000,0.136,14113440.0,10995540.331224622,3117899.668775378,0.2209170598220829,12774465.907293295
2025-04-26,Lagos,Product C,Salesperson 5,Corporate,280,30000,0.114,7442400.0,5564854.220549185,1877545.7794508152,0.25227692403671065,8019907.256823697
2025-04-27,Lagos,Product D,Salesperson 4,SME,86,45000,0.055,3657150.0,2803783.4245934114,853366.5754065886,0.23334196721670936,3554029.863624607
2025-04-27,Abuja,Product C,Salesperson 6,Corporate,18,30000,0.071,501660.0,313470.16105900216,188189.83894099784,0.3751342322309888,459625.1835490702
2025-04-27,Kano,Product E,Salesperson 3,SME,365,60000,0.063,20520300.0,15982988.018379796,4537311.981620204,0.2211133356539721,21568064.005967163
2025-04-27,Port Harcourt,Product E,Salesperson 1,SME,344,60000,0.01,20433600.0,12709614.024200954,7723985.975799046,0.37800416841863627,22454382.148049336
2025-04-27,Ibadan,Product E,Salesperson 3,SME,418,60000,0.059,23600280.0,17613712.22581715,5986567.774182849,0.25366511643856976,24577596.40121202
2025-04-28,Lagos,Product A,Salesperson 7,Corporate,182,15000,0.061,2563470.0,1886396.3606062825,677073.6393937175,0.26412387872443116,2608651.619591207
2025-04-28,Abuja,Product E,Salesperson 5,SME,356,60000,0.046,20377440.0,11977095.928410942,8400344.071589058,0.4122374582670374,22612117.461560193
2025-04-28,Ibadan,Product B,Salesperson 6,SME,122,22000,0.063,2514908.0,1614015.9057913763,900892.0942086237,0.35822069602889,2310585.612883378
2025-04-28,Port Harcourt,Product C,Salesperson 4,SME,32,30000,0.025,936000.0,674275.0898023496,261724.91019765043,0.2796206305530453,1053225.4580730707
2025-04-28,Ibadan,Product A,Salesperson 4,Corporate,400,15000,0.096,5424000.0,3484445.639614278,1939554.360385722,0.35758745582332635,5647493.633730027
2025-04-29,Lagos,Product C,Salesperson 1,Retail,71,30000,0.064,1993679.9999999998,1142224.532678186,851455.4673218138,0.42707729792234156,2239518.760492381
2025-04-29,Ibadan,Product D,Salesperson 7,Corporate,55,45000,0.108,2207700.0,1342403.414228921,865296.585771079,0.39194482301539113,2147690.5868459977
2025-04-29,Ibadan,Product A,Salesperson 5,Corporate,99,15000,0.07,1381050.0,985180.2604947876,395869.7395052124,0.28664403135673033,1543881.6114056145
2025-04-30,Port Harcourt,Product D,Salesperson 1,SME,195,45000,0.035,8467875.0,4802907.212813504,3664967.787186496,0.43280844216364744,8595585.341556396
2025-04-30,Abuja,Product D,Salesperson 2,SME,299,45000,0.133,11665485.0,6780732.677847122,4884752.322152878,0.41873546810551626,10906992.182514211
2025-04-30,Ibadan,Product E,Salesperson 1,Corporate,398,60000,0.139,20560680.0,15187503.645947717,5373176.354052283,0.2613326190598892,18549921.74165525
2025-04-30,Kano,Product A,Salesperson 8,SME,141,15000,0.036,2038860.0,1561588.3073601907,477271.69263980933,0.23408752569563843,2104513.951772776
2025-04-30,Lagos,Product D,Salesperson 2,SME,380,45000,0.117,15099300.0,11367154.744627299,3732145.255372701,0.24717339581124298,14457434.09989121
2025-05-01,Port Harcourt,Product C,Salesperson 4,SME,99,30000,0.129,2586870.0,1598931.586769524,987938.413230476,0.38190493269104203,2724081.607850521
2025-05-01,Abuja,Product E,Salesperson 6,Retail,363,60000,0.13,18948600.0,13782478.160145018,5166121.839854982,0.27263870892071085,21018376.089429803
2025-05-02,Kano,Product D,Salesperson 5,Corporate,205,45000,0.101,8293275.0,6310623.77426008,1982651.2257399196,0.23906734381048736,8220761.307088142
2025-05-02,Ibadan,Product C,Salesperson 6,Retail,237,30000,0.08,6541200.0,4375655.965265191,2165544.034734809,0.331062195733934,7020296.774358078
2025-05-02,Abuja,Product B,Salesperson 8,Retail,326,22000,0.002,7157656.0,4746435.5259337295,2411220.4740662705,0.3368729195795761,8047063.679518201
2025-05-02,Kano,Product B,Salesperson 6,Corporate,147,22000,0.084,2962344.0,1775835.1805054338,1186508.8194945662,0.40053039737942864,2986210.9209296093
2025-05-03,Abuja,Product B,Salesperson 3,Retail,465,22000,0.144,8756880.0,5132017.493731862,3624862.506268138,0.4139445220521622,9871858.823395051
2025-05-04,Abuja,Product E,Salesperson 4,SME,155,60000,0.1,8370000.0,6354485.155284459,2015514.8447155412,0.2408022514594434,7544172.154571573
2025-05-04,Lagos,Product A,Salesperson 8,Retail,297,15000,0.04,4276800.0,2692538.08653939,1584261.91346061,0.37043161089146326,4592898.518646686
2025-05-05,Port Harcourt,Product B,Salesperson 6,SME,232,22000,0.041,4894736.0,3110294.2453357507,1784441.7546642493,0.36456343195307145,5378803.164067406
2025-05-06,Ibadan,Product E,Salesperson 5,SME,213,60000,0.058,12038760.0,8453022.49168834,3585737.508311659,0.2978494054463798,11945106.036301544
2025-05-06,Port Harcourt,Product A,Salesperson 1,Corporate,95,15000,0.034,1376550.0,872315.4174425645,504234.5825574355,0.3663031365060735,1566896.2661112102
2025-05-06,Kano,Product C,Salesperson 2,SME,124,30000,0.01,3682800.0,2769694.1999314264,913105.8000685736,0.24793792768235406,3498409.8274984155
2025-05-06,Ibadan,Product E,Salesperson 8,SME,423,60000,0.042,24314040.0,13811864.022216296,10502175.977783704,0.4319387472334381,22554562.789020773
2025-05-07,Ibadan,Product A,Salesperson 1,Retail,363,15000,0.05,5172750.0,3160731.4960096,2012018.5039904001,0.38896496138232084,4897524.932559592
2025-05-07,Ibadan,Product A,Salesperson 5,Corporate,313,15000,0.149,3995445.0,2329536.8308289517,1665908.1691710483,0.41695184620763104,4357684.588154857
2025-05-07,Ibadan,Product A,Salesperson 6,Corporate,464,15000,0.011,6883440.0,5217067.867001227,1666372.132998773,0.2420842097844643,7443428.706317855
2025-05-08,Lagos,Product A,Salesperson 3,Corporate,393,15000,0.104,5281920.0,4090758.31899672,1191161.68100328,0.22551679711227735,5928864.160681755
2025-05-08,Kano,Product B,Salesperson 2,Corporate,291,22000,0.011,6331578.0,3885789.794625699,2445788.205374301,0.38628414675998635,6478842.782192822
2025-05-08,Port Harcourt,Product C,Salesperson 2,Corporate,362,30000,0.085,9936900.0,7123163.504533296,2813736.4954667035,0.28316039161777856,10010794.219302697
2025-05-09,Abuja,Product A,Salesperson 5,Corporate,62,15000,0.115,823050.0,456867.58478156035,366182.41521843965,0.4449090762632157,880072.4448676874
2025-05-10,Port Harcourt,Product B,Salesperson 1,SME,120,22000,0.097,2383920.0,1487524.0477256943,896395.9522743057,0.3760176315792081,2274372.066255326
2025-05-10,Lagos,Product A,Salesperson 2,SME,315,15000,0.13,4110750.0,2499362.935675588,1611387.064324412,0.3919934475033539,3714144.4939600355
2025-05-10,Lagos,Product C,Salesperson 7,SME,486,30000,0.044,13938480.0,8312640.439702051,5625839.560297949,0.4036193014086148,15309995.757595161
2025-05-10,Port Harcourt,Product E,Salesperson 1,Retail,315,60000,0.03,18333000.0,13412879.863182396,4920120.136817604,0.2683750688276662,16734049.08035252
2025-05-10,Abuja,Product B,Salesperson 5,Corporate,289,22000,0.051,6033742.0,3714939.458490437,2318802.541509563,0.3843058820727772,5579996.350628085
2025-05-11,Abuja,Product B,Salesperson 3,Corporate,167,22000,0.137,3170662.0,2347840.125449632,822821.8745503682,0.2595110656860833,3104646.535888679
2025-05-11,Kano,Product E,Salesperson 2,Corporate,246,60000,0.14,12693600.0,9781994.712020088,2911605.287979912,0.2293758498755209,14000601.918248722
2025-05-11,Lagos,Product B,Salesperson 2,Retail,134,22000,0.076,2723952.0,2123816.2980676666,600135.7019323334,0.22031801659219158,2514136.9359514043
2025-05-11,Kano,Product A,Salesperson 7,SME,332,15000,0.135,4307700.0,2604559.084317098,1703140.915682902,0.3953712922633661,4211898.588218492
2025-05-11,Lagos,Product C,Salesperson 3,SME,162,30000,0.093,4408020.0,2826795.1679806,1581224.8320193999,0.3587154395895209,4257446.024953978
2025-05-12,Port Harcourt,Product A,Salesperson 7,SME,122,15000,0.01,1811700.0,1269209.7597471518,542490.2402528482,0.2994371254914435,1951777.0258855498
2025-05-12,Abuja,Product D,Salesperson 7,Corporate,49,45000,0.098,1988910.0,1533858.0724854,455051.9275146001,0.22879462998054215,2115008.3620817093
2025-05-13,Port Harcourt,Product E,Salesperson 4,SME,299,60000,0.126,15679560.0,11560038.099578712,4119521.900421288,0.26273198357742744,15065320.794481153
2025-05-13,Port Harcourt,Product D,Salesperson 1,Retail,286,45000,0.066,12020580.0,7159870.0336672235,4860709.9663327765,0.4043656767254805,10958855.713928359
2025-05-13,Lagos,Product B,Salesperson 2,Retail,46,22000,0.131,879428.0,552295.5488860181,327132.4511139819,0.37198321080745883,970540.9614420267
2025-05-13,Abuja,Product A,Salesperson 2,Retail,304,15000,0.082,4186080.0,2779718.194954857,1406361.8050451428,0.335961521290836,4215246.004683953
2025-05-13,Lagos,Product C,Salesperson 3,Retail,402,30000,0.125,10552500.0,6726527.905791913,3825972.094208087,0.36256546734973577,10289286.648635121
2025-05-14,Lagos,Product E,Salesperson 6,SME,229,60000,0.145,11747700.0,8617254.357009929,3130445.6429900713,0.26647306647174096,12376679.79538108
2025-05-14,Port Harcourt,Product C,Salesperson 2,SME,186,30000,0.104,4999680.0,3028023.081456333,1971656.918543667,0.3943566225325755,4677277.646875072
2025-05-15,Ibadan,Product A,Salesperson 2,Retail,330,15000,0.115,4380750.0,3183652.4396782774,1197097.5603217226,0.27326315364303433,4552641.968889459
2025-05-15,Abuja,Product A,Salesperson 5,Retail,405,15000,0.113,5388525.0,3798419.020047429,1590105.979952571,0.29509113903203027,5539981.014951724
2025-05-17,Ibadan,Product B,Salesperson 6,Retail,170,22000,0.075,3459500.0,2304053.160699964,1155446.839300036,0.3339924380112837,3153835.8274120977
2025-05-17,Lagos,Product B,Salesperson 3,SME,388,22000,0.135,7383640.0,4978099.663383052,2405540.3366169482,0.32579328578004185,6903822.570766254
2025-05-17,Port Harcourt,Product E,Salesperson 6,SME,38,60000,0.114,2020080.0,1430214.7441925963,589865.2558074037,0.2920009384813491,2089812.930742255
2025-05-17,Port Harcourt,Product E,Salesperson 2,SME,137,60000,0.116,7266480.0,4719223.885772283,2547256.114227717,0.3505488371574293,7588162.423833718
2025-05-18,Lagos,Product A,Salesperson 6,Retail,128,15000,0.15,1632000.0,1018722.5562887307,613277.4437112693,0.37578274737210127,1656136.9251933717
2025-05-19,Abuja,Product D,Salesperson 7,SME,244,45000,0.122,9640440.0,5901042.960957139,3739397.039042861,0.3878865527966422,10938490.530241733
2025-05-19,Lagos,Product A,Salesperson 6,SME,364,15000,0.018,5361720.0,3581846.6160229724,1779873.3839770276,0.3319594055596017,5977954.253269897
2025-05-20,Lagos,Product D,Salesperson 8,Corporate,287,45000,0.126,11287710.0,7151493.802708766,4136216.1972912336,0.3664353706191277,12073315.275654355
2025-05-20,Lagos,Product C,Salesperson 5,SME,167,30000,0.029,4864710.0,3160036.8148157154,1704673.1851842846,0.35041619853686745,5322927.094329853
2025-05-21,Port Harcourt,Product C,Salesperson 8,Corporate,369,30000,0.07,10295100.0,6815497.13290531,3479602.86709469,0.3379863106812649,10176463.967974247
2025-05-21,Abuja,Product C,Salesperson 1,Corporate,195,30000,0.025,5703750.0,4049447.7287779404,1654302.2712220596,0.2900376543891404,6241558.293214415
2025-05-21,Abuja,Product B,Salesperson 1,Retail,432,22000,0.014,9370944.0,6667261.290018182,2703682.7099818178,0.28851764667271707,9463360.772844363
2025-05-22,Kano,Product E,Salesperson 6,SME,157,60000,0.032,9118560.0,5625981.57988668,3492578.4201133205,0.38301863672699643,9556684.422913663
2025-05-23,Port Harcourt,Product A,Salesperson 3,SME,281,15000,0.1,3793500.0,2764018.3507565497,1029481.6492434503,0.27138042684683017,3759384.551116364
2025-05-23,Ibadan,Product E,Salesperson 8,SME,239,60000,0.093,13006380.0,7792895.334281858,5213484.665718142,0.4008405617641605,12978345.051491093
2025-05-23,Port Harcourt,Product A,Salesperson 2,Corporate,352,15000,0.047,5031840.0,3082142.7262087627,1949697.2737912373,0.38747203285303927,5368889.921853905
2025-05-23,Lagos,Product C,Salesperson 5,SME,127,30000,0.03,3695700.0,2520790.8259812244,1174909.1740187756,0.317912485867028,3418862.0379056977
2025-05-24,Ibadan,Product D,Salesperson 5,SME,161,45000,0.091,6585705.0,4135579.6156585757,2450125.3843414243,0.37203691698025104,6635792.428051116
2025-05-24,Kano,Product C,Salesperson 4,SME,93,30000,0.145,2385450.0,1456428.43518239,929021.56481761,0.3894533797889748,2404732.7253663903
2025-05-24,Port Harcourt,Product D,Salesperson 5,Retail,331,45000,0.003,14850315.0,9443902.908225901,5406412.091774099,0.36406043183421355,13368784.619647907
2025-05-24,Ibadan,Product C,Salesperson 4,Retail,158,30000,0.058,4465080.0,3154179.810440994,1310900.1895590061,0.2935894070339179,4748502.23265761
2025-05-24,Port Harcourt,Product D,Salesperson 2,Corporate,162,45000,0.103,6539130.0,4549358.51824519,1989771.4817548096,0.3042868824682809,6876211.586594081
2025-05-25,Ibadan,Product A,Salesperson 1,Corporate,420,15000,0.067,5877900.0,4283212.030556452,1594687.9694435475,0.27130233066972004,6443945.984326198
2025-05-25,Lagos,Product A,Salesperson 3,Corporate,234,15000,0.088,3201120.0,2035657.017200047,1165462.982799953,0.36407975421101146,3532449.313101889
2025-05-25,Lagos,Product E,Salesperson 3,Corporate,209,60000,0.007,12452220.0,8430291.463974068,4021928.536025932,0.32298887556001515,14193786.23072001
2025-05-25,Kano,Product E,Salesperson 4,Corporate,406,60000,0.027,23702280.0,17063867.75734718,6638412.242652819,0.2800748384819021,26986577.193289872
2025-05-25,Port Harcourt,Product C,Salesperson 7,SME,403,30000,0.126,10566660.0,6915691.587222177,3650968.4127778234,0.3455177333971021,11086689.879144263
2025-05-25,Lagos,Product E,Salesperson 2,SME,308,60000,0.075,17094000.0,10669012.3285602,6424987.6714398,0.37586215464138295,18387942.625568792
2025-05-26,Abuja,Product A,Salesperson 5,Corporate,158,15000,0.066,2213580.0,1675298.373741498,538281.626258502,0.2431724293942401,2158177.2691181824
2025-05-26,Port Harcourt,Product D,Salesperson 7,Corporate,288,45000,0.089,11806560.0,9144136.265790794,2662423.734209206,0.22550376521266194,12804075.947863381
2025-05-26,Abuja,Product E,Salesperson 1,Retail,241,60000,0.122,12695880.0,9845760.106196372,2850119.893803628,0.2244917165098936,13477951.720125146
2025-05-26,Port Harcourt,Product D,Salesperson 6,Retail,386,45000,0.091,15789330.0,10981727.191902298,4807602.8080977015,0.3044842819864872,16479929.609813893
2025-05-27,Abuja,Product D,Salesperson 7,Corporate,119,45000,0.142,4594590.0,3256926.7604866684,1337663.2395133316,0.2911387609151919,5124402.953167064
2025-05-27,Lagos,Product C,Salesperson 6,Corporate,132,30000,0.093,3591720.0,2610273.8647398404,981446.1352601596,0.2732524069972491,4042248.903167173
2025-05-27,Kano,Product D,Salesperson 6,Retail,235,45000,0.081,9718425.0,6397399.620745083,3321025.3792549167,0.34172464975085126,10113749.982651362
2025-05-27,Ibadan,Product C,Salesperson 4,SME,176,30000,0.035,5095200.0,3907959.625191759,1187240.3748082411,0.23301153532898436,5558413.590028077
2025-05-28,Lagos,Product A,Salesperson 3,SME,15,15000,0.1,202500.0,152273.21529960906,50226.78470039094,0.2480335046932886,187298.88047490906
2025-05-28,Lagos,Product B,Salesperson 8,SME,166,22000,0.095,3305060.0,2096895.2420385862,1208164.7579614138,0.3655500226808027,3148013.3248976916
2025-05-28,Ibadan,Product D,Salesperson 3,Retail,365,45000,0.141,14109075.0,7922455.00854773,6186619.99145227,0.43848515876854227,14762396.87972542
2025-05-29,Port Harcourt,Product D,Salesperson 7,SME,350,45000,0.02,15435000.0,11522220.95617778,3912779.0438222196,0.25350042395997535,17032780.673339453
2025-05-29,Kano,Product C,Salesperson 6,SME,20,30000,0.04,576000.0,413835.5892676366,162164.4107323634,0.281535435299242,580983.5021568844
2025-05-30,Ibadan,Product A,Salesperson 7,SME,376,15000,0.123,4946280.0,3231155.9073020415,1715124.0926979585,0.3467503038036582,4967369.993468276
2025-05-31,Lagos,Product E,Salesperson 3,Retail,163,60000,0.141,8401020.0,6312651.757848648,2088368.2421513516,0.24858508159144385,8418845.68093694
2025-05-31,Lagos,Product A,Salesperson 6,SME,405,15000,0.023,5935275.0,4164223.2177446093,1771051.7822553907,0.2983942247419691,6169917.428846111
2025-05-31,Kano,Product A,Salesperson 1,SME,439,15000,0.114,5834310.0,4245983.311227563,1588326.6887724372,0.27223899463217366,5776642.263898948
2025-06-01,Abuja,Product C,Salesperson 1,SME,425,30000,0.078,11755500.0,8891935.217934614,2863564.782065386,0.24359361848202,10690884.646152666
2025-06-01,Port Harcourt,Product A,Salesperson 8,SME,302,15000,0.078,4176660.0,3059747.021191967,1116912.9788080328,0.26741774020581827,3903898.921034465
2025-06-01,Ibadan,Product A,Salesperson 2,Corporate,308,15000,0.071,4291980.0,3066638.92219439,1225341.07780561,0.2854955236989944,3884542.310452573
2025-06-02,Ibadan,Product C,Salesperson 6,Retail,328,30000,0.07,9151200.0,6636457.766752082,2514742.233247918,0.27479917751201133,8903149.333435437
2025-06-02,Kano,Product D,Salesperson 1,Corporate,299,45000,0.011,13306995.0,8140864.363950976,5166130.636049024,0.38822669100341767,12986698.802708294
2025-06-02,Ibadan,Product B,Salesperson 2,SME,212,22000,0.108,4160288.0,2782536.9876591912,1377751.0123408088,0.33116722023590883,4298649.362148213
2025-06-02,Kano,Product B,Salesperson 7,Retail,71,22000,0.043,1494834.0,1021558.4918054753,473275.5081945247,0.31660740135327714,1552576.655418437
2025-06-03,Kano,Product C,Salesperson 1,SME,258,30000,0.008,7678080.0,4243908.304370068,3434171.695629932,0.44726959026604723,7629201.635352823
2025-06-03,Ibadan,Product B,Salesperson 2,Retail,233,22000,0.07,4767180.0,2794640.6964384825,1972539.3035615175,0.4137748739425651,5221188.130501096
2025-06-03,Port Harcourt,Product C,Salesperson 5,Retail,48,30000,0.091,1308960.0,776545.0624710437,532414.9375289563,0.4067465297098126,1222645.1001318232
2025-06-04,Kano,Product A,Salesperson 4,SME,16,15000,0.042,229920.0,162109.8129152303,67810.18708476971,0.2949294845370986,264034.46969154524
2025-06-05,Lagos,Product E,Salesperson 3,SME,168,60000,0.118,8890560.0,5132841.17542247,3757718.82457753,0.4226639069504654,8367506.712259237
2025-06-05,Ibadan,Product D,Salesperson 8,Corporate,80,45000,0.079,3315600.0,2186527.8237952837,1129072.1762047163,0.3405332899640235,3285886.2717558076
2025-06-06,Ibadan,Product B,Salesperson 3,SME,103,22000,0.054,2143636.0,1652320.4864748649,491315.5135251351,0.22919726741160118,2244892.601727925
2025-06-06,Kano,Product B,Salesperson 6,SME,138,22000,0.011,3002604.0,2026751.90526167,975852.09473833,0.3250019299042864,3405469.328840622
2025-06-06,Kano,Product B,Salesperson 8,SME,402,22000,0.018,8684808.0,5742624.3377717985,2942183.6622282015,0.3387735989360043,9481666.339119306
2025-06-06,Lagos,Product D,Salesperson 5,Retail,191,45000,0.064,8044919.999999999,4543207.755982372,3501712.244017627,0.43526998951109863,7697878.752022746
2025-06-06,Port Harcourt,Product A,Salesperson 5,Retail,234,15000,0.096,3173040.0,2368382.905149244,804657.0948507562,0.25359185350665486,2858423.4442907083
2025-06-07,Port Harcourt,Product A,Salesperson 4,SME,482,15000,0.141,6210570.0,3944173.9164120397,2266396.0835879603,0.3649256161009312,6676838.408060038
2025-06-07,Kano,Product C,Salesperson 1,SME,289,30000,0.037,8349210.0,5071890.566109417,3277319.433890583,0.3925304829906761,8582783.577481389
2025-06-08,Kano,Product D,Salesperson 3,SME,268,45000,0.054,11408760.0,6277194.925092102,5131565.074907898,0.44979165789339925,10341490.947043348
2025-06-08,Abuja,Product A,Salesperson 2,SME,136,15000,0.006,2027760.0,1539202.8714795355,488557.1285204645,0.24093439485958126,2063501.8447443703
2025-06-08,Port Harcourt,Product A,Salesperson 1,SME,488,15000,0.055,6917400.0,5015149.855264279,1902250.144735721,0.27499496121891476,6579254.522573677
2025-06-09,Ibadan,Product B,Salesperson 7,Corporate,346,22000,0.062,7140056.0,5030178.829105669,2109877.1708943313,0.2954986866901788,7290841.146743575
2025-06-09,Port Harcourt,Product E,Salesperson 5,SME,421,60000,0.065,23618100.0,16819147.17351125,6798952.826488748,0.28787043947179275,22355977.89431448
2025-06-09,Abuja,Product C,Salesperson 5,Retail,319,30000,0.141,8220630.0,6191535.442124069,2029094.5578759313,0.246829568764916,8512216.102209922
2025-06-09,Lagos,Product E,Salesperson 7,Retail,144,60000,0.074,8000640.0,5146751.385244261,2853888.6147557395,0.3567075402412481,8250528.157940413
2025-06-10,Port Harcourt,Product D,Salesperson 5,Retail,472,45000,0.086,19413360.0,13702931.258168746,5710428.741831254,0.29414942811709327,18455586.94577304
2025-06-10,Lagos,Product C,Salesperson 8,SME,312,30000,0.09,8517600.0,4971431.863354985,3546168.1366450153,0.41633419468453736,8141574.6731731435
2025-06-10,Lagos,Product C,Salesperson 4,Corporate,284,30000,0.07,7923599.999999999,5435208.772158758,2488391.2278412413,0.3140480624768087,7482475.862103006
2025-06-10,Kano,Product B,Salesperson 2,SME,481,22000,0.014,10433852.0,6704799.877064128,3729052.1229358716,0.35739936918176257,10362038.245801494
2025-06-10,Ibadan,Product E,Salesperson 3,Corporate,112,60000,0.132,5832960.0,4346348.932158827,1486611.0678411731,0.25486392292098237,6297455.109338584
2025-06-10,Abuja,Product A,Salesperson 1,Retail,477,15000,0.115,6332175.0,4232636.80263656,2099538.19736344,0.3315666729620454,6368389.450428406
2025-06-11,Lagos,Product E,Salesperson 2,Retail,356,60000,0.137,18433680.0,12558075.937051991,5875604.062948009,0.3187428697334449,17567425.386811484
2025-06-11,Port Harcourt,Product A,Salesperson 2,SME,484,15000,0.058,6838920.0,4069029.1622713762,2769890.8377286238,0.40501875116664965,6462153.341963241
2025-06-11,Abuja,Product D,Salesperson 6,Corporate,349,45000,0.094,14228730.0,7972255.396203336,6256474.603796664,0.43970717019696515,15049655.627955534
2025-06-12,Port Harcourt,Product A,Salesperson 3,Corporate,244,15000,0.043,3502620.0,2516333.7674113233,986286.2325886767,0.28158527975877395,3238747.825222968
2025-06-12,Lagos,Product D,Salesperson 7,SME,114,45000,0.06,4822200.0,3363896.380194376,1458303.6198056238,0.3024145866628559,5138925.017491507
2025-06-12,Ibadan,Product A,Salesperson 2,Corporate,56,15000,0.027,817320.0,462658.89535321726,354661.10464678274,0.4339317582425277,791602.2430423287
2025-06-12,Lagos,Product E,Salesperson 5,SME,437,60000,0.076,24227280.0,16298312.393197142,7928967.606802858,0.3272743620746059,22215968.7922609
2025-06-14,Lagos,Product C,Salesperson 7,Retail,241,30000,0.129,6297330.0,4751335.631174364,1545994.3688256359,0.24549997678788246,6230642.140535684
2025-06-14,Ibadan,Product B,Salesperson 6,SME,210,22000,0.093,4190340.0,3167666.251051884,1022673.7489481159,0.24405507642532964,3918266.4751214823
2025-06-14,Ibadan,Product A,Salesperson 8,Retail,282,15000,0.133,3667410.0,2853845.2358548995,813564.7641451005,0.22183632703872774,4215609.985773741
2025-06-14,Port Harcourt,Product E,Salesperson 5,Retail,158,60000,0.033,9167160.0,6199141.643287442,2968018.3567125583,0.32376639621350106,9027214.639489478
2025-06-15,Lagos,Product C,Salesperson 1,SME,213,30000,0.031,6191910.0,4611156.729290557,1580753.270709443,0.2552933215614314,6534987.600145388
2025-06-15,Ibadan,Product D,Salesperson 1,Retail,431,45000,0.098,17494290.0,10610681.762663206,6883608.237336794,0.39347742819724574,17826601.431414865
2025-06-15,Lagos,Product E,Salesperson 5,Retail,326,60000,0.057,18445080.0,12184160.122665048,6260919.877334952,0.33943576700859807,20458331.79589318
2025-06-16,Abuja,Product E,Salesperson 1,Retail,407,60000,0.134,21147720.0,15055992.430646839,6091727.569353161,0.28805599702252355,19562917.107708838
2025-06-16,Kano,Product A,Salesperson 1,SME,206,15000,0.037,2975670.0,1694022.0305473255,1281647.9694526745,0.4307090401330371,3089371.6867644987
2025-06-17,Lagos,Product A,Salesperson 8,SME,305,15000,0.073,4241025.0,2826885.364745086,1414139.635254914,0.3334428906349088,4197629.53767287
2025-06-17,Abuja,Product E,Salesperson 3,SME,327,60000,0.027,19090260.0,13977138.487686794,5113121.512313206,0.26783928099005494,18175758.653008755
2025-06-17,Port Harcourt,Product D,Salesperson 2,SME,231,45000,0.146,8877330.0,6361646.82000689,2515683.17999311,0.2833828617380575,9200483.597378269
2025-06-17,Lagos,Product C,Salesperson 2,Retail,138,30000,0.145,3539700.0,2255521.613352855,1284178.3866471448,0.36279300128461306,3215289.1555955363
2025-06-17,Kano,Product C,Salesperson 5,Retail,200,30000,0.018,5892000.0,4123077.09152313,1768922.90847687,0.3002245262180703,6684219.475899779
2025-06-19,Ibadan,Product E,Salesperson 5,Corporate,365,60000,0.086,20016600.0,14806005.34779428,5210594.652205721,0.26031367226230834,20678887.882844154
2025-06-19,Lagos,Product A,Salesperson 3,Corporate,381,15000,0.006,5680710.0,3570858.7007218786,2109851.2992781214,0.3714062677514116,6323988.081126899
2025-06-19,Port Harcourt,Product D,Salesperson 8,Retail,196,45000,0.016,8678880.0,6459543.784068814,2219336.2159311865,0.25571689157255156,9391232.729428465
2025-06-19,Lagos,Product A,Salesperson 6,Retail,43,15000,0.055,609525.0,352979.2320856035,256545.76791439648,0.42089457842483324,555503.796047722
2025-06-20,Lagos,Product E,Salesperson 3,SME,65,60000,0.025,3802500.0,2423626.499310379,1378873.500689621,0.36262287986577807,3726460.44665299
2025-06-20,Port Harcourt,Product B,Salesperson 4,SME,68,22000,0.09,1361360.0,837026.0472795242,524333.9527204758,0.38515451660139555,1557422.9604086142
2025-06-21,Kano,Product B,Salesperson 5,Corporate,228,22000,0.042,4805328.0,3060922.62681372,1744405.37318628,0.36301483960850955,4894130.174214964
2025-06-21,Abuja,Product D,Salesperson 7,SME,475,45000,0.01,21161250.0,13624556.986042479,7536693.013957521,0.3561553790044313,20222767.800939564
2025-06-21,Ibadan,Product E,Salesperson 2,Retail,60,60000,0.127,3142800.0,1734400.961470018,1408399.038529982,0.44813511471617096,2948643.406764632
2025-06-22,Abuja,Product D,Salesperson 1,Corporate,226,45000,0.077,9386910.0,5203915.016858717,4182994.9831412826,0.4456200158669128,10572190.732143823
2025-06-22,Lagos,Product A,Salesperson 4,Retail,140,15000,0.0,2100000.0,1314773.0148595576,785226.9851404424,0.37391761197163925,2137947.5062726205
2025-06-22,Port Harcourt,Product A,Salesperson 2,SME,150,15000,0.032,2178000.0,1523659.766192383,654340.2338076171,0.30043169596309327,2185659.931130576
2025-06-23,Lagos,Product E,Salesperson 8,SME,357,60000,0.024,20905920.0,12156841.106023738,8749078.893976262,0.4184976740548257,23383814.00806413
2025-06-24,Abuja,Product C,Salesperson 1,SME,271,30000,0.039,7812930.0,4732331.196634836,3080598.8033651644,0.39429494483697725,7388398.077907945
2025-06-25,Lagos,Product B,Salesperson 4,Retail,368,22000,0.13,7043520.0,5170533.668793869,1872986.3312061308,0.2659162366552705,6549115.218107911
2025-06-25,Port Harcourt,Product C,Salesperson 6,Corporate,380,30000,0.015,11229000.0,6453228.339788986,4775771.660211014,0.4253069427563464,12107748.420876067
2025-06-26,Lagos,Product A,Salesperson 1,SME,363,15000,0.009,5395995.0,3141603.904392015,2254391.095607985,0.4177896932091273,5862078.230262034
2025-06-26,Lagos,Product C,Salesperson 4,SME,107,30000,0.029,3116910.0,2195597.0419404176,921312.9580595824,0.295585357953737,3335179.180035916
2025-06-26,Kano,Product D,Salesperson 3,SME,463,45000,0.064,19501560.0,14719184.409211632,4782375.590788368,0.24523041186389027,19773293.830258828
2025-06-27,Abuja,Product A,Salesperson 6,SME,31,15000,0.018,456630.0,348257.8898800686,108372.1101199314,0.23733024575680836,524840.6754203979
2025-06-27,Kano,Product E,Salesperson 6,Retail,498,60000,0.076,27609120.0,17152055.9779021,10457064.0220979,0.3787539777471321,28109273.79963247
2025-06-28,Kano,Product C,Salesperson 2,SME,186,30000,0.066,5211720.0,4019160.226920189,1192559.7730798111,0.22882268676748005,5309697.364612043
2025-06-28,Ibadan,Product C,Salesperson 6,Corporate,86,30000,0.14,2218800.0,1521057.2653836575,697742.7346163425,0.3144685120859665,2125105.025108045
2025-06-29,Kano,Product C,Salesperson 1,SME,31,30000,0.119,819330.0,586987.3163170427,232342.68368295731,0.2835764388988043,866309.346286042
2025-06-29,Kano,Product B,Salesperson 3,Corporate,306,22000,0.135,5823180.0,4407414.758969807,1415765.241030193,0.2431257905526178,6250831.311654581
2025-06-30,Kano,Product E,Salesperson 3,Corporate,490,60000,0.104,26342400.0,14579192.194156978,11763207.805843022,0.4465503449132585,24328591.77060644
2025-07-01,Port Harcourt,Product E,Salesperson 8,Retail,238,60000,0.001,14265720.0,9592086.580474883,4673633.419525117,0.3276128663344799,14654473.158072574
2025-07-01,Port Harcourt,Product B,Salesperson 8,Retail,350,22000,0.142,6606600.0,4153708.72902469,2452891.27097531,0.3712789136583583,6261090.496547293
2025-07-01,Ibadan,Product E,Salesperson 8,Retail,214,60000,0.064,12018240.0,8098071.173543213,3920168.826456787,0.32618493443772023,13278153.418807065
2025-07-01,Ibadan,Product D,Salesperson 6,SME,84,45000,0.097,3413340.0,2347823.321374948,1065516.6786250519,0.3121624797485899,3213445.436046507
2025-07-02,Ibadan,Product A,Salesperson 6,Corporate,391,15000,0.092,5325420.0,3628784.278871355,1696635.721128645,0.3185919084557922,5855959.593623887
2025-07-02,Lagos,Product B,Salesperson 6,Retail,328,22000,0.057,6804688.0,4487409.037406621,2317278.9625933794,0.3405415446811638,6701756.742470353
2025-07-03,Lagos,Product A,Salesperson 7,Corporate,343,15000,0.123,4512165.0,2922120.8029581644,1590044.1970418356,0.3523905258433226,4093120.26446902
2025-07-03,Abuja,Product B,Salesperson 3,Corporate,95,22000,0.091,1899810.0,1326691.381122616,573118.6188773841,0.30167154551106906,1829416.5553882362
2025-07-05,Abuja,Product D,Salesperson 1,Corporate,479,45000,0.049,20498805.0,15696222.064051997,4802582.935948003,0.23428599549817675,18491132.77758162
2025-07-05,Abuja,Product E,Salesperson 7,Retail,148,60000,0.093,8054160.0,5650289.173776763,2403870.8262232374,0.2984632570278263,8917827.493112776
2025-07-06,Ibadan,Product A,Salesperson 6,Retail,413,15000,0.098,5587890.0,3717683.1668776968,1870206.8331223032,0.33468927146423844,5951846.619723346
2025-07-06,Lagos,Product D,Salesperson 1,SME,362,45000,0.043,15589530.0,8638896.928370066,6950633.071629934,0.44585263774019707,17868998.206518747
2025-07-06,Port Harcourt,Product B,Salesperson 5,SME,212,22000,0.094,4225584.0,2512610.8842282863,1712973.1157717137,0.4053813900686186,4338091.442770604
2025-07-07,Port Harcourt,Product D,Salesperson 1,Corporate,236,45000,0.105,9504900.0,5902405.166019719,3602494.833980281,0.3790144908394913,10539102.72164057
2025-07-07,Lagos,Product D,Salesperson 4,Corporate,424,45000,0.055,18030600.0,10626739.637704533,7403860.362295467,0.41062750891792105,19032719.816521063
2025-07-08,Lagos,Product E,Salesperson 7,Retail,87,60000,0.138,4499640.0,3080731.4679203695,1418908.5320796305,0.3153382341875418,4606275.117817663
2025-07-09,Abuja,Product D,Salesperson 5,Retail,407,45000,0.045,17490825.0,12700535.165168108,4790289.834831892,0.27387443615906576,18182725.963396315
2025-07-09,Ibadan,Product D,Salesperson 4,Retail,266,45000,0.128,10437840.0,7204540.416091326,3233299.5839086743,0.3097671150265452,11218140.075846285
2025-07-09,Lagos,Product C,Salesperson 3,SME,235,30000,0.076,6514200.0,3717947.1509562195,2796252.8490437805,0.42925498895394376,6344710.855631849
2025-07-09,Abuja,Product A,Salesperson 2,SME,378,15000,0.035,5471550.0,3062057.153848967,2409492.846151033,0.44036750941708164,6000057.117664683
2025-07-09,Port Harcourt,Product C,Salesperson 7,Corporate,373,30000,0.134,9690540.0,6631114.435546174,3059425.5644538263,0.31571259851915645,8850177.883406347
2025-07-10,Ibadan,Product A,Salesperson 7,Retail,177,15000,0.062,2490390.0,1428364.993624965,1062025.006375035,0.4264492735575693,2808908.94258021
2025-07-10,Port Harcourt,Product E,Salesperson 3,SME,204,60000,0.04,11750400.0,8041641.240498291,3708758.7595017087,0.3156282985687048,11800482.344315477
2025-07-10,Kano,Product B,Salesperson 3,SME,295,22000,0.018,6373180.0,3769098.090015907,2604081.909984093,0.40860008817954196,6133191.196134915
2025-07-11,Lagos,Product B,Salesperson 1,SME,219,22000,0.053,4562646.0,3052670.040454561,1509975.959545439,0.33094304479143005,4577204.345706248
2025-07-11,Kano,Product C,Salesperson 4,Retail,412,30000,0.129,10765560.0,6178172.502554283,4587387.497445717,0.4261169411944866,11808004.885674458
2025-07-11,Port Harcourt,Product E,Salesperson 1,Corporate,431,60000,0.115,22886100.0,15616678.98752049,7269421.01247951,0.31763476575211635,24720789.693078097
2025-07-11,Kano,Product B,Salesperson 5,Retail,29,22000,0.046,608652.0,369234.03021627385,239417.96978372615,0.39335773115627015,579662.8521076825
2025-07-11,Port Harcourt,Product B,Salesperson 5,SME,293,22000,0.03,6252620.0,4465966.496624766,1786653.503375234,0.2857447763298,6592695.801930181
2025-07-13,Lagos,Product C,Salesperson 5,SME,88,30000,0.019,2589840.0,1879269.5325484572,710570.4674515428,0.27436848123881896,2920843.7665563365
2025-07-13,Abuja,Product B,Salesperson 6,SME,197,22000,0.084,3969944.0,2390219.1559922197,1579724.8440077803,0.3979211908298405,3616590.8387063113
2025-07-13,Abuja,Product A,Salesperson 5,Corporate,144,15000,0.137,1864080.0,1335055.3947267623,529024.6052732377,0.2837993032880765,1737029.916232267
2025-07-13,Ibadan,Product B,Salesperson 4,Retail,27,22000,0.132,515592.0,303623.50928800955,211968.49071199045,0.41111671769924757,560773.8400638495
2025-07-14,Abuja,Product A,Salesperson 1,Retail,378,15000,0.075,5244750.0,3553287.692648828,1691462.307351172,0.3225058024407592,5291213.409264738
2025-07-14,Kano,Product C,Salesperson 8,Retail,390,30000,0.06,10998000.0,7135597.323662837,3862402.676337163,0.35119136900683423,11861108.148937954
2025-07-14,Kano,Product D,Salesperson 6,Corporate,283,45000,0.065,11907225.0,8972731.367501413,2934493.6324985866,0.2464464753541305,12668680.964732235
2025-07-14,Lagos,Product C,Salesperson 1,Corporate,396,30000,0.096,10739520.0,8212350.535343914,2527169.4646560857,0.23531493629660225,9672158.270051349
2025-07-15,Port Harcourt,Product D,Salesperson 5,SME,33,45000,0.107,1326105.0,1013818.5642687832,312286.4357312168,0.23549148501153136,1336752.686792529
2025-07-15,Kano,Product E,Salesperson 1,Corporate,366,60000,0.13,19105200.0,10859318.70597557,8245881.29402443,0.4316040289567463,18783625.985564787
2025-07-15,Abuja,Product A,Salesperson 1,SME,480,15000,0.008,7142400.0,4846356.95844252,2296043.0415574796,0.3214665996804267,6652454.043405851
2025-07-15,Abuja,Product D,Salesperson 4,SME,170,45000,0.074,7083900.0,4700218.030781368,2383681.969218632,0.336492887988062,7318254.188916693
2025-07-17,Abuja,Product E,Salesperson 1,Corporate,428,60000,0.006,25525920.0,16646626.399445415,8879293.600554585,0.34785400880965645,28794703.088198006
2025-07-17,Kano,Product B,Salesperson 4,SME,377,22000,0.113,7356778.0,4734573.198315422,2622204.801684578,0.3564338629879246,8371284.238330015
2025-07-17,Lagos,Product A,Salesperson 6,Corporate,180,15000,0.068,2516400.0,1618371.041796586,898028.958203414,0.35687051271793596,2624523.2215837566
2025-07-18,Port Harcourt,Product A,Salesperson 8,Retail,197,15000,0.029,2869305.0,2094620.9397670638,774684.0602329362,0.2699901405507383,2644045.7171263294
2025-07-19,Ibadan,Product C,Salesperson 4,Corporate,277,30000,0.081,7636890.0,5524569.507474789,2112320.4925252106,0.2765943325784725,7259746.356402389
2025-07-20,Ibadan,Product C,Salesperson 2,Corporate,55,30000,0.05,1567500.0,937123.0554794046,630376.9445205954,0.4021543505713527,1773135.4171043464
2025-07-20,Ibadan,Product E,Salesperson 7,SME,451,60000,0.023,26437620.0,18402859.99574366,8034760.004256342,0.3039138925612949,28236925.750862867
2025-07-20,Ibadan,Product E,Salesperson 2,Corporate,195,60000,0.007,11618100.0,7186205.582044115,4431894.417955885,0.3814646472276779,13163777.017498976
2025-07-20,Lagos,Product C,Salesperson 2,Retail,24,30000,0.071,668880.0,385577.55854788295,283302.44145211705,0.4235474845295375,714483.1701151029
2025-07-20,Port Harcourt,Product B,Salesperson 3,SME,67,22000,0.013,1454838.0,871868.4343821567,582969.5656178433,0.40071098336573785,1591905.6810660106
2025-07-21,Port Harcourt,Product A,Salesperson 6,Retail,203,15000,0.081,2798355.0,2048783.4429051087,749571.5570948913,0.26786149616288546,2981777.296052784
2025-07-21,Port Harcourt,Product E,Salesperson 8,Retail,34,60000,0.092,1852320.0,1342861.8070561823,509458.1929438177,0.2750378946099042,1680768.2948246102
2025-07-22,Abuja,Product B,Salesperson 3,Corporate,485,22000,0.083,9784390.0,6399327.641605954,3385062.3583940463,0.3459656001441118,9239016.160137678
2025-07-22,Ibadan,Product A,Salesperson 8,Corporate,173,15000,0.106,2319930.0,1510220.436217139,809709.563782861,0.34902327388449694,2390102.888067326
2025-07-23,Lagos,Product B,Salesperson 3,SME,156,22000,0.14,2951520.0,1943191.3034648278,1008328.6965351722,0.3416303113430274,2805022.408515857
2025-07-23,Lagos,Product D,Salesperson 1,Retail,423,45000,0.112,16903080.0,10888107.687411813,6014972.312588187,0.3558506681970497,18737025.142755497
2025-07-24,Abuja,Product A,Salesperson 4,Retail,307,15000,0.056,4347120.0,2947637.7168486943,1399482.2831513057,0.32193320707762973,4088154.213233595
2025-07-25,Lagos,Product E,Salesperson 7,Retail,188,60000,0.097,10185840.0,6782423.809626469,3403416.1903735306,0.33413210794333414,11364021.01313734
2025-07-25,Kano,Product C,Salesperson 2,SME,358,30000,0.035,10364100.0,7960170.374243855,2403929.6257561455,0.2319477451738352,10882871.426726839
2025-07-25,Ibadan,Product D,Salesperson 3,Corporate,407,45000,0.072,16996320.0,10833297.81523204,6163022.18476796,0.3626092109802569,15425960.053873383
2025-07-26,Kano,Product D,Salesperson 7,Retail,93,45000,0.096,3783240.0,2779980.0201049875,1003259.9798950125,0.2651853913299216,3925091.625111723
2025-07-26,Port Harcourt,Product C,Salesperson 6,Corporate,387,30000,0.135,10042650.0,7009940.307421506,3032709.6925784936,0.3019830117128939,9950230.495030442
2025-07-26,Lagos,Product D,Salesperson 7,Corporate,206,45000,0.123,8129790.0,6125402.93377327,2004387.0662267301,0.24654844297659967,8793861.40130926
2025-07-27,Kano,Product E,Salesperson 5,Retail,232,60000,0.094,12611520.0,7840693.706493929,4770826.293506071,0.37829114123484486,12808556.946648335
2025-07-27,Kano,Product B,Salesperson 1,Corporate,437,22000,0.135,8316110.0,6050529.788797788,2265580.2112022117,0.27243268922635844,8579666.044358224
2025-07-27,Kano,Product C,Salesperson 1,Retail,200,30000,0.063,5622000.0,3431593.2004296617,2190406.7995703383,0.3896134470953999,6233109.281321106
2025-07-28,Abuja,Product A,Salesperson 7,Retail,88,15000,0.057,1244760.0,937895.8478822223,306864.15211777773,0.24652475346072955,1137467.1732684588
2025-07-29,Abuja,Product D,Salesperson 8,SME,46,45000,0.026,2016180.0,1443850.1462107054,572329.8537892946,0.28386843128554723,2194512.876976116
2025-07-29,Port Harcourt,Product C,Salesperson 6,Retail,133,30000,0.033,3858330.0,2598506.892831778,1259823.1071682218,0.3265203098667615,3747531.470948746
2025-07-29,Port Harcourt,Product A,Salesperson 7,Retail,353,15000,0.115,4686075.0,3354317.9790379982,1331757.0209620018,0.2841945596180176,4566401.253241547
2025-07-31,Kano,Product A,Salesperson 4,SME,130,15000,0.118,1719900.0,988451.0210004322,731448.9789995678,0.42528576021836606,1690073.9047657314
2025-08-01,Abuja,Product B,Salesperson 1,Retail,127,22000,0.071,2595626.0,1819937.3476691942,775688.6523308058,0.29884453782278564,2937874.106842101
2025-08-02,Port Harcourt,Product C,Salesperson 1,Retail,38,30000,0.029,1106940.0,807588.5862809253,299351.4137190747,0.27043147209340584,1059106.1030992924
2025-08-02,Lagos,Product A,Salesperson 7,SME,424,15000,0.012,6283680.0,4200223.999469803,2083456.0005301973,0.3315662160597289,5916941.7960337745
2025-08-03,Abuja,Product B,Salesperson 2,SME,335,22000,0.11,6559300.0,4661603.897005037,1897696.1029949626,0.28931381443065,6278868.911135084
2025-08-03,Lagos,Product C,Salesperson 4,SME,172,30000,0.142,4427280.0,2524380.9114652984,1902899.0885347016,0.4298122297516086,4669776.619707981
2025-08-03,Ibadan,Product A,Salesperson 3,Corporate,297,15000,0.059,4192155.0000000005,2737001.229895483,1455153.7701045177,0.3471135418667768,4221315.060715831
2025-08-04,Port Harcourt,Product C,Salesperson 2,SME,299,30000,0.039,8620170.0,4884382.216109728,3735787.7838902716,0.4333775069273891,7949899.061258699
2025-08-04,Ibadan,Product C,Salesperson 6,Corporate,218,30000,0.117,5774820.0,4197769.035562107,1577050.9644378927,0.2730909300095748,6470755.376380243
2025-08-04,Port Harcourt,Product A,Salesperson 7,SME,15,15000,0.003,224325.0,127707.44430415842,96617.55569584158,0.4307034690553509,220229.81383348187
2025-08-04,Port Harcourt,Product B,Salesperson 7,SME,45,22000,0.119,872190.0,586987.5547335998,285202.44526640023,0.3269957753085913,875356.2305464554
2025-08-04,Abuja,Product A,Salesperson 7,Corporate,340,15000,0.03,4947000.0,3702812.7753187665,1244187.2246812335,0.2515033807724345,5440792.18340099
2025-08-04,Ibadan,Product D,Salesperson 3,Retail,38,45000,0.126,1494540.0,1031816.3513744669,462723.6486255331,0.30960941067186765,1360780.8249095278
2025-08-05,Lagos,Product C,Salesperson 4,Retail,443,30000,0.032,12864720.0,9775534.887177458,3089185.112822542,0.24012843752701513,11756694.344799973
2025-08-05,Ibadan,Product C,Salesperson 8,SME,162,30000,0.08,4471200.0,3035605.21708095,1435594.7829190502,0.32107594894414254,5054795.1681631515
2025-08-05,Kano,Product E,Salesperson 2,Retail,146,60000,0.097,7910280.0,6144289.749923182,1765990.2500768183,0.2232525587054843,9095843.47801187
2025-08-05,Kano,Product E,Salesperson 4,Corporate,384,60000,0.103,20666880.0,11723732.814322814,8943147.185677186,0.4327284614647777,21197191.133163195
2025-08-05,Port Harcourt,Product E,Salesperson 2,SME,298,60000,0.045,17075400.0,12712999.381933661,4362400.618066339,0.25547867798507434,19437934.520517483
2025-08-05,Port Harcourt,Product E,Salesperson 7,Corporate,206,60000,0.083,11334120.0,8461623.482735451,2872496.5172645487,0.2534379834750778,10234044.74784172
2025-08-06,Port Harcourt,Product E,Salesperson 8,SME,238,60000,0.072,13251840.0,9349340.243967878,3902499.7560321223,0.2944873886216648,14350569.613850433
2025-08-06,Abuja,Product B,Salesperson 8,Corporate,116,22000,0.143,2187064.0,1368870.7293104206,818193.2706895794,0.3741057740832364,2096316.2492998387
2025-08-06,Ibadan,Product E,Salesperson 5,Retail,264,60000,0.142,13590720.0,9267272.417377701,4323447.582622299,0.31811762604352817,13027365.716029733
2025-08-06,Abuja,Product C,Salesperson 3,Retail,214,30000,0.104,5752320.0,3545090.118178984,2207229.881821016,0.3837112472569356,6149310.619689458
2025-08-08,Ibadan,Product A,Salesperson 7,Corporate,229,15000,0.004,3421260.0,2422652.04216573,998607.9578342699,0.2918830950685624,3302542.424493147
2025-08-08,Kano,Product B,Salesperson 7,Corporate,36,22000,0.026,771408.0,426415.89426958724,344992.10573041276,0.44722391488085783,865643.7160719846
2025-08-08,Lagos,Product B,Salesperson 2,SME,74,22000,0.111,1447292.0,905529.0929136919,541762.9070863081,0.3743286821776864,1386769.9543041484
2025-08-08,Kano,Product D,Salesperson 2,Retail,158,45000,0.121,6249690.0,4374072.740368364,1875617.2596316356,0.30011364717796174,6763779.723056015
2025-08-10,Abuja,Product D,Salesperson 4,SME,490,45000,0.013,21763350.0,14507316.934597582,7256033.065402418,0.3334060733022452,21806115.121986
2025-08-10,Port Harcourt,Product A,Salesperson 3,SME,337,15000,0.12,4448400.0,3115440.0510693598,1332959.9489306402,0.2996493006318317,4819979.905000915
2025-08-11,Port Harcourt,Product D,Salesperson 6,SME,268,45000,0.068,11239920.0,8265535.146789783,2974384.8532102173,0.26462687040568056,12858421.045830395
2025-08-11,Lagos,Product D,Salesperson 1,Corporate,43,45000,0.006,1923390.0,1116174.733484694,807215.266515306,0.41968361409558436,2014894.8329060005
2025-08-11,Lagos,Product A,Salesperson 2,Corporate,262,15000,0.115,3478050.0,2064014.4892062256,1414035.5107937744,0.40655985704454345,3453285.9146689773
2025-08-11,Ibadan,Product C,Salesperson 8,Corporate,380,30000,0.146,9735600.0,6243286.7981855,3492313.2018144997,0.3587157650082686,9570849.091749987
2025-08-11,Ibadan,Product A,Salesperson 8,Retail,17,15000,0.076,235620.0,155156.7009722959,80463.29902770411,0.34149604884009893,218427.00607766333
2025-08-11,Ibadan,Product C,Salesperson 3,SME,240,30000,0.083,6602400.0,5098511.571968535,1503888.428031465,0.22777905428805661,6641330.765846607
2025-08-12,Lagos,Product B,Salesperson 2,Corporate,466,22000,0.08,9431840.0,6258825.786329612,3173014.213670388,0.33641518660944075,9774599.790817041
2025-08-12,Lagos,Product C,Salesperson 1,Retail,135,30000,0.143,3470850.0,2053183.495392322,1417666.504607678,0.40844937251903074,3908983.6535040825
2025-08-12,Abuja,Product D,Salesperson 5,Retail,346,45000,0.144,13327920.0,9578418.227868477,3749501.772131523,0.2813268516116186,14176313.731565872
2025-08-12,Kano,Product E,Salesperson 4,Retail,227,60000,0.148,11604240.0,8444109.593284478,3160130.4067155216,0.27232549539784784,12982213.024435548
2025-08-13,Abuja,Product C,Salesperson 3,Retail,53,30000,0.11,1415100.0,1097240.69018098,317859.3098190201,0.22461968046005237,1590449.0140354387
2025-08-13,Ibadan,Product D,Salesperson 6,SME,332,45000,0.087,13640220.0,10570331.45541883,3069888.5445811693,0.22506151254020604,15200852.090983983
2025-08-13,Ibadan,Product B,Salesperson 8,Retail,197,22000,0.042,4151972.0,2964085.850760611,1187886.1492393892,0.2861016763213695,4699835.149319876
2025-08-13,Lagos,Product B,Salesperson 8,Retail,249,22000,0.049,5209578.0,3657248.6751654744,1552329.3248345256,0.29797602125057454,5266811.674632237
2025-08-13,Ibadan,Product E,Salesperson 5,Corporate,127,60000,0.064,7132320.0,4072847.7180151795,3059472.2819848205,0.42895891967618116,6998230.450036413
2025-08-13,Port Harcourt,Product A,Salesperson 1,SME,74,15000,0.026,1081140.0,641385.7117735312,439754.28822646884,0.4067505487045793,1011284.5311892438
2025-08-14,Port Harcourt,Product B,Salesperson 4,Corporate,462,22000,0.016,10001376.0,5994715.547151994,4006660.452848006,0.40061092122204045,10411644.749434624
2025-08-14,Lagos,Product D,Salesperson 7,Corporate,289,45000,0.039,12497805.0,8624357.74107308,3873447.2589269206,0.30993020445805647,13987914.952832531
2025-08-14,Port Harcourt,Product B,Salesperson 6,SME,349,22000,0.008,7616576.0,4802008.882212882,2814567.117787118,0.3695318103288299,8297326.184060922
2025-08-14,Lagos,Product B,Salesperson 2,Retail,425,22000,0.147,7975550.0,4729091.116146857,3246458.883853143,0.4070514113576046,8323340.771903931
2025-08-14,Abuja,Product E,Salesperson 8,Retail,479,60000,0.089,26182140.0,17669109.237939645,8513030.762060355,0.3251464839031628,26069715.25207239
2025-08-15,Ibadan,Product C,Salesperson 7,Corporate,194,30000,0.047,5546460.0,3413935.514644152,2132524.485355848,0.3844838843795588,5110800.503213883
2025-08-15,Ibadan,Product A,Salesperson 7,SME,353,15000,0.023,5173215.0,3378507.7370808935,1794707.2629191065,0.34692299912512947,5307171.388448061
2025-08-15,Lagos,Product D,Salesperson 4,Retail,62,45000,0.049,2653290.0,2020815.1193426836,632474.8806573164,0.23837382293579534,2771579.706228576
2025-08-15,Ibadan,Product A,Salesperson 7,Corporate,470,15000,0.018,6923100.0,4428161.579055856,2494938.420944144,0.3603787928737334,6873019.5663795825
2025-08-16,Ibadan,Product A,Salesperson 6,Corporate,243,15000,0.093,3306015.0,2303380.036526775,1002634.963473225,0.303275987396677,3015058.8670442817
2025-08-16,Port Harcourt,Product A,Salesperson 8,SME,323,15000,0.025,4723875.0,3093709.471407439,1630165.528592561,0.3450907419422743,5320704.942425793
2025-08-17,Lagos,Product C,Salesperson 4,SME,494,30000,0.078,13664040.0,7765977.608686984,5898062.391313016,0.4316485015641799,12989267.148474503
2025-08-17,Ibadan,Product A,Salesperson 8,Retail,493,15000,0.112,6566760.0,5100915.103787502,1465844.8962124977,0.22322193840074828,7345407.919951141
2025-08-17,Ibadan,Product E,Salesperson 3,Retail,437,60000,0.123,22994940.0,12808508.246258682,10186431.753741318,0.4429857939938664,26033273.35106904
2025-08-17,Abuja,Product B,Salesperson 8,Retail,372,22000,0.032,7922112.0,4517516.1295227865,3404595.8704772135,0.42975861367236584,7698613.898001599
2025-08-17,Lagos,Product D,Salesperson 2,SME,48,45000,0.141,1855440.0,1039645.0276369522,815794.9723630478,0.43967736621127484,1896073.4114736693
2025-08-17,Lagos,Product E,Salesperson 4,SME,17,60000,0.072,946560.0,545232.1185210817,401327.88147891825,0.4239856760046043,877499.0657529335
2025-08-17,Lagos,Product A,Salesperson 8,SME,355,15000,0.066,4973550.0,3567056.770000356,1406493.2299996442,0.28279462959046237,4924794.788046275
2025-08-18,Abuja,Product A,Salesperson 1,Corporate,430,15000,0.024,6295200.0,4095498.3493667888,2199701.6506332112,0.34942522090373795,6427460.484130587
2025-08-18,Kano,Product D,Salesperson 1,Retail,208,45000,0.014,9228960.0,6874575.3566153,2354384.6433846997,0.25510833760084556,8816602.201971542
2025-08-19,Ibadan,Product D,Salesperson 8,SME,487,45000,0.034,21169890.0,15824377.878254222,5345512.121745778,0.2525054273662158,20480789.217003744
2025-08-19,Kano,Product A,Salesperson 7,Corporate,81,15000,0.032,1176120.0,829678.1836368409,346441.8163631591,0.29456332377917144,1092631.198662845
2025-08-19,Port Harcourt,Product E,Salesperson 5,SME,59,60000,0.126,3093960.0,2214455.078357475,879504.9216425251,0.28426512354475336,3457810.054207734
2025-08-19,Port Harcourt,Product E,Salesperson 8,SME,288,60000,0.03,16761600.0,10067515.218094492,6694084.781905508,0.39937027383456875,15364637.964538835
2025-08-19,Kano,Product E,Salesperson 5,SME,391,60000,0.039,22545060.0,14606445.043085787,7938614.956914213,0.3521221481297549,20464055.721733432
2025-08-19,Abuja,Product C,Salesperson 3,Corporate,375,30000,0.048,10710000.0,6898474.092637191,3811525.9073628094,0.3558847719293006,12296659.39281287
2025-08-21,Port Harcourt,Product E,Salesperson 4,SME,201,60000,0.122,10588680.0,5870467.637817824,4718212.362182176,0.44559023052752333,10251291.95707299
2025-08-21,Ibadan,Product B,Salesperson 7,Retail,462,22000,0.129,8852844.0,5907936.3319641445,2944907.6680358555,0.33265102921003187,10076315.5577874
2025-08-21,Lagos,Product E,Salesperson 4,SME,369,60000,0.114,19616040.0,11349829.425775496,8266210.574224504,0.4214005769882455,18009233.816022366
2025-08-21,Abuja,Product E,Salesperson 5,SME,449,60000,0.093,24434580.0,15215513.739740055,9219066.260259945,0.377295875773594,23317555.643422704
2025-08-21,Port Harcourt,Product A,Salesperson 3,Retail,413,15000,0.029,6015345.0,3509447.208627682,2505897.791372318,0.41658421775846904,5571043.284266618
2025-08-21,Abuja,Product D,Salesperson 2,Corporate,96,45000,0.121,3797280.0,2232080.362039718,1565199.6379602822,0.4121896826044648,4198925.453036811
2025-08-21,Abuja,Product E,Salesperson 1,SME,165,60000,0.12,8712000.0,4926039.737694446,3785960.262305554,0.43456844149512786,8815724.794665512
2025-08-21,Kano,Product B,Salesperson 1,Retail,28,22000,0.102,553168.0,392858.0617039951,160309.9382960049,0.28980334780031547,615226.9084665675
2025-08-22,Abuja,Product C,Salesperson 6,Retail,190,30000,0.1,5130000.0,3994660.3943994734,1135339.6056005266,0.22131376327495644,5768055.081026464
2025-08-23,Kano,Product D,Salesperson 2,Corporate,58,45000,0.126,2281140.0,1605196.136100291,675943.863899709,0.29631844774968175,2134971.168247258
2025-08-23,Lagos,Product B,Salesperson 2,Corporate,100,22000,0.014,2169200.0,1597019.4421482694,572180.5578517306,0.26377492063974306,2236585.07430225
2025-08-24,Lagos,Product A,Salesperson 3,SME,173,15000,0.014,2558670.0,1600835.8488503199,957834.1511496801,0.3743484510115334,2322496.167536732
2025-08-24,Kano,Product D,Salesperson 8,SME,403,45000,0.05,17228250.0,10357784.53796305,6870465.4620369505,0.39879067589783934,18728480.84635964
2025-08-24,Kano,Product D,Salesperson 2,Retail,118,45000,0.069,4943610.0,2977570.8964370335,1966039.1035629665,0.3976930023935882,4551738.875104652
2025-08-25,Abuja,Product A,Salesperson 4,Corporate,467,15000,0.066,6542670.0,3732707.7875202466,2809962.2124797534,0.4294824914720983,7437845.180537432
2025-08-25,Port Harcourt,Product E,Salesperson 1,Corporate,211,60000,0.068,11799120.0,6984336.783590131,4814783.216409869,0.40806290777700954,12676565.296840053
2025-08-25,Lagos,Product E,Salesperson 6,Retail,290,60000,0.116,15381600.0,10604533.837916076,4777066.162083924,0.31057017228922373,15289156.236532208
2025-08-27,Port Harcourt,Product C,Salesperson 8,Retail,309,30000,0.011,9168030.0,5391124.335110061,3776905.664889939,0.4119648021319672,9462850.552357713
2025-08-27,Ibadan,Product B,Salesperson 8,SME,242,22000,0.042,5100392.0,2816594.9909087284,2283797.0090912716,0.4477689183677003,4655645.91343989
2025-08-27,Port Harcourt,Product E,Salesperson 3,SME,429,60000,0.135,22265100.0,12367255.840784227,9897844.159215773,0.4445452371296681,24459118.032135066
2025-08-27,Port Harcourt,Product E,Salesperson 5,Retail,404,60000,0.136,20943360.0,12515895.391524134,8427464.608475866,0.4023931503099725,22348453.698574334
2025-08-29,Kano,Product D,Salesperson 5,Corporate,397,45000,0.126,15614010.0,10156269.410604782,5457740.589395218,0.34954125105563644,16845588.28262846
2025-08-30,Lagos,Product C,Salesperson 8,Retail,131,30000,0.034,3796380.0,2523751.117600607,1272628.8823993928,0.3352216802320613,3438676.219889439
2025-08-30,Lagos,Product D,Salesperson 6,Retail,304,45000,0.046,13050720.0,8235781.206574176,4814938.793425824,0.36894047174606637,11826592.904943278
2025-08-30,Kano,Product A,Salesperson 2,Corporate,64,15000,0.014,946560.0,678418.7636878515,268141.2363121485,0.28327970367662747,882775.0218335219
2025-08-30,Abuja,Product E,Salesperson 6,Retail,295,60000,0.116,15646800.0,11258848.424690295,4387951.575309705,0.28043763423253987,16647324.071389178
2025-08-30,Port Harcourt,Product E,Salesperson 4,SME,486,60000,0.082,26768880.0,18256674.606922377,8512205.393077623,0.31798885097462515,28091456.70084319
2025-08-31,Abuja,Product C,Salesperson 1,Retail,108,30000,0.147,2763720.0,1587731.729129798,1175988.270870202,0.4255091944445175,2983344.4343821234
2025-08-31,Lagos,Product D,Salesperson 8,Corporate,453,45000,0.014,20099610.0,13629027.272977225,6470582.7270227745,0.32192578497905056,21060586.955213524
2025-08-31,Ibadan,Product C,Salesperson 8,Retail,296,30000,0.134,7690080.0,5050816.100723292,2639263.8992767083,0.34320369869711476,8276666.1266764
2025-08-31,Abuja,Product E,Salesperson 1,SME,203,60000,0.112,10815840.0,6160660.388638047,4655179.611361953,0.43040389016127767,11046609.18805558
2025-09-01,Lagos,Product C,Salesperson 8,Corporate,440,30000,0.069,12289200.0,8471971.100748187,3817228.899251813,0.310616549429728,13263266.382089837
2025-09-01,Ibadan,Product C,Salesperson 1,Corporate,302,30000,0.036,8733840.0,4932815.374988321,3801024.625011679,0.43520657866547574,9913292.827175325
2025-09-01,Port Harcourt,Product C,Salesperson 3,SME,469,30000,0.08,12944400.0,7344361.745484443,5600038.254515557,0.4326224664345629,14595528.44793391
2025-09-02,Kano,Product D,Salesperson 4,Corporate,103,45000,0.147,3953655.0,2597385.774463551,1356269.2255364489,0.34304187531194524,3944479.9922893015
2025-09-03,Lagos,Product A,Salesperson 4,Retail,224,15000,0.088,3064320.0,2067627.117209705,996692.8827902949,0.32525744138676604,3431824.3059667693
2025-09-03,Ibadan,Product E,Salesperson 2,Corporate,199,60000,0.111,10614660.0,7813078.464734369,2801581.535265631,0.263935117588847,9591594.2348837
2025-09-04,Ibadan,Product E,Salesperson 4,Retail,290,60000,0.057,16408200.0,9352609.99094265,7055590.00905735,0.43000390104078146,18355451.27480739
2025-09-04,Lagos,Product B,Salesperson 8,SME,78,22000,0.053,1625052.0,1064706.152454096,560345.8475459041,0.3448171797246513,1503501.0343313161
2025-09-06,Ibadan,Product D,Salesperson 5,Retail,114,45000,0.051,4868370.0,3058740.9464069773,1809629.0535930227,0.37171148733416376,4668123.495608311
2025-09-06,Lagos,Product C,Salesperson 8,Corporate,336,30000,0.038,9696960.0,7409309.09627666,2287650.9037233396,0.23591423536070474,10368673.199682754
2025-09-07,Kano,Product B,Salesperson 2,Corporate,323,22000,0.141,6104054.0,4689673.324069092,1414380.675930908,0.23171169126795207,6638388.056290335
2025-09-07,Lagos,Product C,Salesperson 6,SME,377,30000,0.055,10687950.0,7339375.706792776,3348574.2932072245,0.3133037011968829,11864825.776519118
2025-09-07,Kano,Product E,Salesperson 8,Retail,141,60000,0.076,7817040.0,5265795.102298585,2551244.8977014152,0.3263696869532989,7585759.21070596
2025-09-08,Kano,Product B,Salesperson 8,Retail,35,22000,0.068,717640.0,449853.6205623279,267786.3794376721,0.37314862526848014,711966.0704057772
2025-09-08,Kano,Product D,Salesperson 5,SME,256,45000,0.141,9895680.0,7468312.715135556,2427367.2848644443,0.24529565273578413,9679598.709209664
2025-09-08,Port Harcourt,Product D,Salesperson 3,Corporate,142,45000,0.089,5821290.0,4249977.4801986385,1571312.5198013615,0.2699251402698305,6152714.574050316
2025-09-08,Ibadan,Product A,Salesperson 7,SME,473,15000,0.048,6754440.0,4462780.248014672,2291659.7519853283,0.3392819762978616,6304237.352709849
2025-09-08,Ibadan,Product E,Salesperson 4,Retail,240,60000,0.146,12297600.0,8738267.417690195,3559332.582309805,0.2894331074607895,14067239.915430363
2025-09-08,Port Harcourt,Product B,Salesperson 5,Corporate,11,22000,0.019,237402.0,170738.9989175642,66663.0010824358,0.2808021881973859,242468.89291717566
2025-09-09,Lagos,Product B,Salesperson 1,Retail,214,22000,0.006,4679752.0,3204796.8500992134,1474955.1499007866,0.3151780585596815,4770863.351854813
2025-09-09,Kano,Product C,Salesperson 5,Retail,375,30000,0.085,10293750.0,5688851.058646321,4604898.941353679,0.44734901676781336,10844699.133509345
2025-09-10,Abuja,Product C,Salesperson 8,SME,201,30000,0.026,5873220.0,3828577.345947465,2044642.654052535,0.34812975745034835,6325492.862163053
2025-09-10,Ibadan,Product C,Salesperson 2,Corporate,337,30000,0.08,9301200.0,6190748.033917863,3110451.966082137,0.3344140504539347,10442147.221451452
2025-09-10,Lagos,Product B,Salesperson 3,SME,405,22000,0.142,7644780.0,4803463.466421991,2841316.5335780093,0.3716675343931427,7705427.614264334
2025-09-10,Kano,Product C,Salesperson 8,Corporate,319,30000,0.074,8861820.0,6334653.542740104,2527166.457259896,0.2851746545585327,9475923.574714202
2025-09-10,Lagos,Product D,Salesperson 5,Retail,64,45000,0.141,2473920.0,1507423.9920649575,966496.0079350425,0.39067391343901275,2260485.5769304954
2025-09-10,Port Harcourt,Product D,Salesperson 4,SME,234,45000,0.066,9835020.0,7090720.636462597,2744299.363537403,0.2790334298798989,9664384.394517792
2025-09-11,Kano,Product B,Salesperson 3,Corporate,426,22000,0.14,8059920.0,4919821.35814576,3140098.6418542396,0.389594269155803,7575579.122905655
2025-09-11,Port Harcourt,Product A,Salesperson 5,SME,347,15000,0.075,4814625.0,3644570.956590017,1170054.0434099832,0.24302080502842552,5238498.437034016
2025-09-11,Lagos,Product B,Salesperson 1,Corporate,422,22000,0.079,8550564.0,4881844.922570986,3668719.0774290143,0.42906164756254844,8679264.135442924
2025-09-11,Ibadan,Product A,Salesperson 6,SME,237,15000,0.112,3156840.0,1904609.0518026843,1252230.9481973157,0.39667228880694483,3531742.0024040705
2025-09-11,Port Harcourt,Product C,Salesperson 7,SME,125,30000,0.113,3326250.0,1925936.1066082467,1400313.8933917533,0.4209887691519739,3770768.4471992725
2025-09-13,Lagos,Product B,Salesperson 5,SME,72,22000,0.062,1485792.0,824157.4864879599,661634.5135120401,0.44530762954171255,1364316.741328581
2025-09-13,Lagos,Product B,Salesperson 6,Corporate,129,22000,0.033,2744346.0,1676573.770688098,1067772.229311902,0.3890807607028786,2912002.0081709935
2025-09-13,Abuja,Product C,Salesperson 8,SME,405,30000,0.084,11129400.0,6939403.202182753,4189996.797817247,0.37648002568128086,12415079.656237567
2025-09-14,Kano,Product D,Salesperson 7,Corporate,413,45000,0.031,18008865.0,12715319.880044302,5293545.119955698,0.2939410740185846,17252047.498821236
2025-09-14,Port Harcourt,Product D,Salesperson 5,Retail,245,45000,0.027,10727325.0,7288342.13615894,3438982.8638410596,0.32058158616813226,10485530.481775787
2025-09-14,Kano,Product A,Salesperson 5,SME,435,15000,0.019,6401025.0,4162529.6430018963,2238495.3569981037,0.3497088914663048,6269819.517689736
2025-09-15,Port Harcourt,Product C,Salesperson 5,SME,143,30000,0.016,4221360.0,2451793.2443630686,1769566.7556369314,0.41919351953799994,4451463.72129258
2025-09-15,Port Harcourt,Product E,Salesperson 8,SME,267,60000,0.085,14658300.0,9833511.167989112,4824788.832010888,0.3291506403887823,15473726.088488527
2025-09-16,Abuja,Product D,Salesperson 8,Corporate,277,45000,0.081,11455335.0,8568957.48178884,2886377.51821116,0.25196797109915686,13052390.48030021
2025-09-16,Kano,Product C,Salesperson 3,SME,492,30000,0.142,12664080.0,9325445.535003217,3338634.464996783,0.26363024120163353,12823594.26014576
2025-09-16,Lagos,Product A,Salesperson 7,SME,447,15000,0.126,5860170.0,3957034.067750249,1903135.932249751,0.3247578026319631,6025262.815204783
2025-09-16,Abuja,Product D,Salesperson 4,Retail,411,45000,0.031,17921655.0,11047903.041731285,6873751.958268715,0.3835444861687559,18583590.921809275
2025-09-18,Abuja,Product C,Salesperson 7,Retail,339,30000,0.041,9753030.0,7222147.192947174,2530882.8070528256,0.25949708009232264,10018498.336570695
2025-09-18,Kano,Product B,Salesperson 6,SME,51,22000,0.052,1063656.0,593277.0076224324,470378.99237756757,0.4422284952819028,1203034.277746736
2025-09-18,Ibadan,Product B,Salesperson 3,SME,336,22000,0.042,7081536.0,5231173.817458387,1850362.1825416125,0.26129390326358753,6619798.258997896
2025-09-18,Ibadan,Product C,Salesperson 5,SME,117,30000,0.15,2983500.0,2283601.0055477824,699898.9944522176,0.23458990931865847,2753073.9885605467
2025-09-18,Lagos,Product B,Salesperson 6,SME,281,22000,0.003,6163454.0,3887979.9124007095,2275474.0875992905,0.36918813502936676,6465350.473462033
2025-09-19,Lagos,Product D,Salesperson 2,SME,31,45000,0.095,1262475.0,936174.6842687308,326300.3157312692,0.25846081366464224,1374512.9440331224
2025-09-20,Kano,Product D,Salesperson 3,Corporate,246,45000,0.109,9863370.0,7246622.581446137,2616747.4185538627,0.2652995293245476,9449438.667873919
2025-09-21,Abuja,Product E,Salesperson 3,Retail,389,60000,0.062,21892920.0,14116150.458485175,7776769.541514825,0.35521846978451593,23075744.116159335
2025-09-21,Kano,Product A,Salesperson 4,Corporate,318,15000,0.005,4746150.0,3639679.6879895567,1106470.3120104433,0.23313007637989597,4867654.754568926
2025-09-21,Port Harcourt,Product B,Salesperson 1,Retail,458,22000,0.059,9481516.0,6713858.444734688,2767657.555265312,0.29190032008228556,10204563.425848035
2025-09-21,Lagos,Product B,Salesperson 1,Retail,191,22000,0.088,3832224.0,2271811.2071277983,1560412.7928722017,0.4071820417784038,3704860.9361619605
2025-09-22,Kano,Product E,Salesperson 2,SME,251,60000,0.029,14623260.0,10706434.919614427,3916825.080385573,0.2678489666726553,14883125.751848318
2025-09-23,Kano,Product C,Salesperson 7,SME,299,30000,0.023,8763690.0,6463146.474835806,2300543.5251641944,0.26250854664692547,8869136.250553956
2025-09-24,Port Harcourt,Product D,Salesperson 3,SME,421,45000,0.079,17448345.0,13565066.005124206,3883278.9948757943,0.222558586208365,19328959.104045246
2025-09-25,Kano,Product E,Salesperson 4,Retail,471,60000,0.002,28203480.0,21066464.711127788,7137015.288872212,0.2530544205492447,25761258.80881834
2025-09-25,Abuja,Product D,Salesperson 1,Retail,148,45000,0.102,5980680.0,4112207.6913329535,1868472.3086670465,0.31241803752533936,5541680.752122967
2025-09-25,Ibadan,Product E,Salesperson 5,Corporate,290,60000,0.115,15399000.0,11912864.01721122,3486135.9827887807,0.22638716688023772,16196924.863223203
2025-09-25,Lagos,Product C,Salesperson 8,SME,342,30000,0.1,9234000.0,7160153.917532317,2073846.0824676827,0.22458805311540855,10244497.6241704
2025-09-25,Abuja,Product E,Salesperson 2,SME,469,60000,0.127,24566220.0,17853057.79158422,6713162.20841578,0.2732680163417807,23336241.685258802
2025-09-25,Kano,Product E,Salesperson 3,Retail,230,60000,0.045,13179000.0,8426153.959901474,4752846.040098526,0.3606378359586103,12719044.197725326
2025-09-26,Lagos,Product B,Salesperson 5,SME,198,22000,0.039,4186116.0,2545205.9184877765,1640910.0815122235,0.3919886791269577,4288833.575113714
2025-09-27,Kano,Product A,Salesperson 5,Corporate,86,15000,0.043,1234530.0,804538.1539524143,429991.8460475857,0.34830408823405323,1341342.2011884833
2025-09-27,Lagos,Product C,Salesperson 3,Corporate,366,30000,0.146,9376920.0,7179774.947859316,2197145.052140684,0.23431415135680841,8754586.694789074
2025-09-27,Kano,Product B,Salesperson 4,Retail,196,22000,0.062,4044655.9999999995,2363973.7977994555,1680682.202200544,0.41553155625609306,4078970.102758258
2025-09-27,Kano,Product C,Salesperson 2,Corporate,308,30000,0.02,9055200.0,6305730.8886905415,2749469.1113094585,0.3036342776867942,9514544.967303203
2025-09-28,Kano,Product A,Salesperson 1,SME,384,15000,0.144,4930560.0,3347137.954884139,1583422.045115861,0.3211444633298978,4748369.843782509
2025-09-28,Lagos,Product E,Salesperson 7,SME,250,60000,0.011,14835000.0,10932199.29865034,3902800.7013496608,0.26308060002357,16500356.75114008
2025-09-28,Port Harcourt,Product A,Salesperson 8,SME,297,15000,0.14,3831300.0,2611109.9413374164,1220190.0586625836,0.318479382627981,3714285.297025515
2025-09-28,Abuja,Product E,Salesperson 2,SME,94,60000,0.043,5397480.0,2995462.189632717,2402017.810367283,0.4450257917337874,6188176.1650553085
2025-09-29,Lagos,Product D,Salesperson 6,SME,307,45000,0.096,12488760.0,8850485.490378147,3638274.509621853,0.291323919237927,14195236.164909804
2025-09-29,Ibadan,Product A,Salesperson 2,Corporate,381,15000,0.034,5520690.0,3464189.030349842,2056500.9696501582,0.3725079599923485,5851998.748180947
2025-09-30,Kano,Product B,Salesperson 6,Corporate,282,22000,0.008,6154368.0,3711168.9117671233,2443199.0882328767,0.39698618740915015,6443447.422517627
2025-09-30,Port Harcourt,Product C,Salesperson 7,Retail,239,30000,0.076,6625080.0,4749391.967675226,1875688.0323247742,0.28311930306121197,7460544.561719626
2025-09-30,Ibadan,Product C,Salesperson 5,SME,105,30000,0.096,2847600.0,2219156.935836075,628443.0641639251,0.2206921843531132,3197934.5439704806
2025-09-30,Kano,Product C,Salesperson 4,SME,23,30000,0.006,685860.0,457263.3020370361,228596.6979629639,0.333299358415659,727376.6741670803
2025-10-01,Port Harcourt,Product A,Salesperson 5,SME,258,15000,0.076,3575880.0,2683538.8368080324,892341.1631919676,0.2495444934371309,3825210.933557952
2025-10-01,Ibadan,Product C,Salesperson 2,Corporate,37,30000,0.078,1023420.0,653057.9439080135,370362.0560919865,0.36188667027416555,993586.7171443593
2025-10-01,Lagos,Product D,Salesperson 7,Retail,93,45000,0.09,3808350.0,2806875.413040479,1001474.5869595208,0.26296810612457383,4276258.223775815
2025-10-01,Ibadan,Product D,Salesperson 6,Retail,191,45000,0.121,7555005.0,5179996.087726663,2375008.912273337,0.3143623217024128,8155175.626222338
2025-10-02,Ibadan,Product B,Salesperson 1,Retail,463,22000,0.087,9299818.0,6584208.889698567,2715609.110301433,0.29200669414191044,9565753.843700405
2025-10-03,Abuja,Product D,Salesperson 8,Retail,347,45000,0.01,15458850.0,10258756.455545079,5200093.544454921,0.33638294856699696,17565847.119053956
2025-10-03,Lagos,Product B,Salesperson 8,SME,328,22000,0.128,6292352.0,3541456.3368799947,2750895.6631200053,0.4371808289046775,6093941.273116683
2025-10-04,Abuja,Product B,Salesperson 7,SME,302,22000,0.079,6119124.0,3675300.4490064224,2443823.5509935776,0.39937473909559235,5981083.573829619
2025-10-04,Port Harcourt,Product B,Salesperson 2,Retail,243,22000,0.125,4677750.0,3142597.7778578773,1535152.2221421227,0.32818175878191924,4898912.541807888
2025-10-04,Lagos,Product D,Salesperson 8,SME,223,45000,0.084,9192060.0,5783978.333759322,3408081.666240678,0.37076364451936544,8403474.48410563
2025-10-04,Abuja,Product E,Salesperson 7,Corporate,268,60000,0.04,15436800.0,9993644.232999736,5443155.767000264,0.35260907487304777,16034230.241530817
2025-10-04,Abuja,Product E,Salesperson 7,Corporate,136,60000,0.043,7809120.0,5222783.947598529,2586336.052401471,0.33119430261046967,7548887.773564421
2025-10-05,Lagos,Product D,Salesperson 7,Corporate,122,45000,0.084,5028840.0,3156469.494043759,1872370.505956241,0.37232652181342835,5596893.75441525
2025-10-05,Port Harcourt,Product B,Salesperson 3,Corporate,390,22000,0.03,8322600.0,6135260.096036757,2187339.9039632427,0.26281929973364604,9132666.710031869
2025-10-06,Abuja,Product E,Salesperson 4,SME,297,60000,0.048,16964640.0,13067898.157429628,3896741.842570372,0.2296978799768443,19234584.367784306
2025-10-07,Lagos,Product A,Salesperson 2,Corporate,397,15000,0.078,5490510.0,3314084.097607432,2176425.902392568,0.3963977667634825,5070819.624631178
2025-10-07,Lagos,Product A,Salesperson 6,Retail,396,15000,0.038,5714280.0,4200876.1959422575,1513403.8040577425,0.2648459305560355,6413901.207211031
2025-10-07,Ibadan,Product C,Salesperson 3,Corporate,380,30000,0.074,10556400.0,5860659.876875684,4695740.123124316,0.44482400469140204,9902293.488369295
2025-10-08,Kano,Product D,Salesperson 4,Corporate,371,45000,0.077,15409485.0,8757493.546872387,6651991.453127613,0.43168162032200386,14377864.369431643
2025-10-08,Port Harcourt,Product B,Salesperson 7,Corporate,475,22000,0.129,9101950.0,6978730.984997875,2123219.015002125,0.23327078428272238,9343677.394736845
2025-10-09,Lagos,Product E,Salesperson 4,Corporate,201,60000,0.061,11324340.0,7653434.673005202,3670905.326994798,0.32416064220915286,11329715.403613517
2025-10-09,Abuja,Product A,Salesperson 2,SME,342,15000,0.024,5006880.0,3124686.321916086,1882193.6780839139,0.37592146767725887,5138726.212767188
2025-10-09,Lagos,Product A,Salesperson 5,SME,343,15000,0.083,4717965.0,3670891.336555017,1047073.6634449828,0.22193332579724157,4446548.346426004
2025-10-10,Abuja,Product B,Salesperson 5,Retail,44,22000,0.079,891528.0,505944.8123244919,385583.1876755081,0.4324970025344219,842830.0575021222
2025-10-10,Ibadan,Product E,Salesperson 3,Retail,171,60000,0.019,10065060.0,7636018.090043782,2429041.9099562177,0.24133407152627184,11189860.739228312
2025-10-10,Lagos,Product A,Salesperson 2,SME,402,15000,0.005,5999850.0,3549992.1481642877,2449857.8518357123,0.40831984996886794,6623565.683256029
2025-10-11,Abuja,Product C,Salesperson 7,Retail,339,30000,0.135,8797050.0,5924138.919289339,2872911.0807106607,0.3265766456608364,8169468.328930161
2025-10-11,Abuja,Product A,Salesperson 2,Retail,172,15000,0.007,2561940.0,1613989.2084870443,947950.7915129557,0.3700128775509792,2767418.038457436
2025-10-12,Lagos,Product A,Salesperson 1,SME,170,15000,0.006,2534700.0,1548646.8240808987,986053.1759191013,0.3890216498674799,2503787.444919419
2025-10-12,Abuja,Product A,Salesperson 7,Corporate,70,15000,0.14,903000.0,576392.3458494768,326607.65415052325,0.36169175431951633,852667.1053192739
2025-10-12,Ibadan,Product D,Salesperson 8,SME,44,45000,0.056,1869120.0,1313815.2598750268,555304.7401249732,0.29709421552654364,1999434.2204314778
2025-10-12,Port Harcourt,Product B,Salesperson 3,Retail,210,22000,0.017,4541460.0,2722111.3206187156,1819348.6793812844,0.4006087644460778,4984714.983855888
2025-10-12,Kano,Product D,Salesperson 3,Corporate,345,45000,0.076,14345100.0,8760199.64091399,5584900.359086011,0.3893246027623377,12977189.704439305
2025-10-12,Port Harcourt,Product E,Salesperson 6,Corporate,98,60000,0.094,5327280.0,3017614.8252361305,2309665.1747638695,0.4335543044037238,5067310.766944482
2025-10-12,Ibadan,Product C,Salesperson 2,Retail,70,30000,0.026,2045400.0,1355108.5883118368,690291.4116881632,0.33748480086445837,2289393.15830481
2025-10-13,Abuja,Product D,Salesperson 5,SME,466,45000,0.024,20466720.0,11455979.08708427,9010740.91291573,0.4402630667207902,20602024.491822258
2025-10-14,Abuja,Product B,Salesperson 4,Corporate,388,22000,0.112,7579968.0,4971616.2702296125,2608351.7297703875,0.3441111795947407,7684117.361777216
2025-10-14,Ibadan,Product A,Salesperson 2,Retail,57,15000,0.074,791730.0,592766.4797001939,198963.52029980614,0.2513022372523539,888537.2811164121
2025-10-15,Lagos,Product C,Salesperson 6,SME,351,30000,0.051,9992970.0,6900322.669678694,3092647.3303213064,0.30948229908838976,9543264.182836805
2025-10-15,Lagos,Product A,Salesperson 8,Retail,298,15000,0.097,4036410.0,3078172.3190996274,958237.6809003726,0.2373985003754258,4356091.367915627
2025-10-15,Ibadan,Product D,Salesperson 1,Corporate,90,45000,0.038,3896100.0,2360352.627815171,1535747.3721848289,0.3941755530363258,3530719.7309792764
2025-10-15,Lagos,Product C,Salesperson 1,Retail,235,30000,0.142,6048900.0,4282341.835575045,1766558.164424955,0.29204618433516094,6475094.95686589
2025-10-16,Abuja,Product B,Salesperson 2,SME,343,22000,0.028,7334712.0,5483430.564623289,1851281.4353767112,0.2524000172572163,6793451.770594981
2025-10-16,Ibadan,Product D,Salesperson 5,Corporate,215,45000,0.017,9510525.0,5749763.868091668,3760761.131908332,0.39543149635885844,9323791.733271135
2025-10-16,Abuja,Product B,Salesperson 8,SME,147,22000,0.077,2984982.0,1885554.3423463528,1099427.6576536472,0.3683196942740852,3351727.24129184
2025-10-16,Ibadan,Product D,Salesperson 2,SME,402,45000,0.083,16588530.0,11362623.868274717,5225906.131725283,0.3150312976330804,17905848.33460354
2025-10-16,Lagos,Product C,Salesperson 2,Corporate,463,30000,0.005,13820550.0,8210897.873874738,5609652.126125262,0.4058921045924556,14588167.270971889
2025-10-16,Kano,Product E,Salesperson 3,Retail,442,60000,0.085,24265800.0,14348892.56642067,9916907.43357933,0.40867836352312015,23594561.928992745
2025-10-16,Abuja,Product C,Salesperson 3,Retail,302,30000,0.113,8036220.0,4732480.913726843,3303739.086273157,0.41110610290325017,8000789.507267557
2025-10-18,Kano,Product E,Salesperson 8,Retail,154,60000,0.066,8630160.0,6457907.134144883,2172252.8658551173,0.251704819592582,8139944.58552249
2025-10-19,Lagos,Product A,Salesperson 1,SME,21,15000,0.132,273420.0,152386.12636236465,121033.87363763535,0.4426664971020238,260062.99650491434
2025-10-19,Lagos,Product E,Salesperson 6,SME,410,60000,0.063,23050200.0,16855858.813590817,6194341.186409183,0.2687326438125996,23953758.52986962
2025-10-20,Lagos,Product A,Salesperson 4,SME,454,15000,0.118,6006420.0,4423929.762708881,1582490.237291119,0.26346646376562394,6011709.803801089
2025-10-20,Kano,Product C,Salesperson 5,SME,41,30000,0.097,1110690.0,775738.6539662901,334951.34603370994,0.3015705066523602,1036228.4032570462
2025-10-20,Kano,Product E,Salesperson 4,Retail,97,60000,0.117,5139060.0,3563749.395519607,1575310.6044803932,0.3065367215950764,4899886.720862383
2025-10-21,Kano,Product B,Salesperson 3,Corporate,130,22000,0.091,2599740.0,1751200.1917497562,848539.8082502438,0.32639410412204445,2818171.5484797237
2025-10-22,Kano,Product E,Salesperson 3,Retail,329,60000,0.073,18298980.0,11093971.510508096,7205008.489491904,0.39373825696797876,19008443.355513886
2025-10-22,Port Harcourt,Product E,Salesperson 8,SME,57,60000,0.099,3081420.0,2264740.992199272,816679.0078007281,0.26503333132151025,3075279.9122836203
2025-10-22,Port Harcourt,Product B,Salesperson 2,Retail,396,22000,0.146,7440048.0,4764165.534351216,2675882.4656487843,0.35965930134439783,7152323.669979898
2025-10-23,Kano,Product E,Salesperson 2,Retail,190,60000,0.113,10111800.0,7772295.153098893,2339504.8469011066,0.23136383699253413,10427006.071351707
2025-10-23,Lagos,Product C,Salesperson 5,Corporate,66,30000,0.03,1920600.0,1359701.4324915025,560898.5675084975,0.292043407012651,2019563.5243694051
2025-10-23,Kano,Product E,Salesperson 4,SME,406,60000,0.062,22849680.0,16449917.556918763,6399762.443081237,0.2800810533487225,26093534.38752116
2025-10-23,Lagos,Product D,Salesperson 1,Retail,411,45000,0.092,16793460.0,9739843.497354502,7053616.502645498,0.42002163357911343,17347269.25291207
2025-10-23,Port Harcourt,Product A,Salesperson 4,Retail,199,15000,0.037,2874555.0,1796466.75246287,1078088.24753713,0.37504526701946217,2867044.6246265457
2025-10-23,Kano,Product C,Salesperson 2,SME,330,30000,0.016,9741600.0,6556298.780624883,3185301.2193751168,0.3269792661754862,10018389.716953665
2025-10-24,Kano,Product C,Salesperson 3,SME,40,30000,0.103,1076400.0,829668.4946880718,246731.50531192822,0.22921916138231904,1097360.3768605012
2025-10-25,Lagos,Product E,Salesperson 7,Retail,21,60000,0.057,1188180.0,793865.4502467593,394314.54975324066,0.33186432169641017,1253337.208671848
2025-10-25,Kano,Product D,Salesperson 7,SME,335,45000,0.011,14909175.0,8251349.848292963,6657825.151707037,0.4465589244010508,15482548.011270914
2025-10-27,Kano,Product B,Salesperson 3,SME,431,22000,0.018,9311324.0,6738011.544988782,2573312.455011218,0.2763637539635843,9669428.401767226
2025-10-28,Abuja,Product C,Salesperson 5,SME,113,30000,0.102,3044220.0,1836019.563867102,1208200.436132898,0.3968834171422887,3375465.800333746
2025-10-28,Ibadan,Product A,Salesperson 5,Retail,156,15000,0.045,2234700.0,1587224.655062906,647475.344937094,0.28973703178820154,2446777.8583724117
2025-10-28,Kano,Product A,Salesperson 5,Corporate,139,15000,0.026,2030790.0,1558917.3280415176,471872.67195848236,0.23235916660929115,1895428.3203878903
2025-10-28,Port Harcourt,Product E,Salesperson 3,Corporate,489,60000,0.138,25291080.0,15917987.308086026,9373092.691913974,0.370608637192005,26263357.344994247
2025-10-28,Abuja,Product A,Salesperson 4,Corporate,453,15000,0.054,6428070.0,4047377.655010326,2380692.344989674,0.37035880831877593,5871310.19101592
2025-10-29,Port Harcourt,Product D,Salesperson 3,Corporate,270,45000,0.01,12028500.0,6885987.551257614,5142512.448742386,0.42752732666104554,12667793.148586595
2025-10-29,Port Harcourt,Product B,Salesperson 6,Retail,32,22000,0.141,604736.0,392318.99436940526,212417.00563059474,0.351255763888035,616214.9018144245
2025-10-29,Ibadan,Product E,Salesperson 5,Corporate,358,60000,0.001,21458520.0,12671267.566639658,8787252.433360342,0.4094994637729136,22062528.655416697
2025-10-29,Lagos,Product C,Salesperson 2,Corporate,362,30000,0.041,10414740.0,6840220.483610305,3574519.516389695,0.34321735505540174,10309147.622995304
2025-10-30,Lagos,Product A,Salesperson 3,Corporate,50,15000,0.08,690000.0,425099.323883228,264900.676116772,0.3839140233576406,624847.0440950161
2025-10-30,Ibadan,Product D,Salesperson 4,SME,249,45000,0.003,11171385.0,7710181.802162977,3461203.197837023,0.30982758161472573,12589845.358773226
2025-10-30,Lagos,Product D,Salesperson 1,Retail,105,45000,0.062,4432050.0,2744620.421737219,1687429.5782627808,0.3807334254493476,4490772.55819586
2025-10-30,Abuja,Product C,Salesperson 5,Retail,175,30000,0.13,4567500.0,3138269.5848317896,1429230.4151682104,0.3129130629815458,4798275.027276668
2025-10-31,Abuja,Product A,Salesperson 3,SME,416,15000,0.132,5416320.0,4118322.852681459,1297997.147318541,0.23964557989899804,5971375.15794407
2025-11-01,Lagos,Product A,Salesperson 5,SME,375,15000,0.12,4950000.0,2907582.6076733707,2042417.3923266293,0.41260957420739985,5552123.08938105
2025-11-01,Kano,Product C,Salesperson 1,Retail,101,30000,0.111,2693670.0,1760477.6440662006,933192.3559337994,0.3464390054957732,3008659.2780603636
2025-11-01,Abuja,Product D,Salesperson 4,Retail,413,45000,0.047,17711505.0,10375804.748842418,7335700.251157582,0.4141771267409281,19931641.891520314
2025-11-01,Port Harcourt,Product D,Salesperson 7,Corporate,389,45000,0.131,15211845.0,11060843.995316567,4151001.004683433,0.2728795228115612,13940241.223177
2025-11-01,Ibadan,Product C,Salesperson 1,Corporate,394,30000,0.148,10070640.0,6035158.478353824,4035481.5216461765,0.4007174838586402,11042916.658933572
2025-11-02,Abuja,Product D,Salesperson 2,Corporate,162,45000,0.1,6561000.0,3794860.2366668927,2766139.7633331073,0.4216033780419307,6074791.462550471
2025-11-02,Ibadan,Product A,Salesperson 6,SME,141,15000,0.079,1947915.0,1156681.8795150497,791233.1204849503,0.4061948906830895,1967054.8584291975
2025-11-02,Kano,Product B,Salesperson 6,SME,308,22000,0.011,6701464.0,4287028.3503627535,2414435.6496372465,0.36028480487804554,7303861.671437008
2025-11-03,Lagos,Product A,Salesperson 2,SME,466,15000,0.147,5962470.0,4639307.290282979,1323162.7097170213,0.2219151978487139,5927940.681873014
2025-11-04,Kano,Product D,Salesperson 4,Corporate,496,45000,0.084,20445120.0,14919832.858198192,5525287.141801808,0.27024968020739465,20415772.23392469
2025-11-05,Lagos,Product C,Salesperson 1,Corporate,296,30000,0.129,7734480.0,4733368.042679764,3001111.9573202357,0.3880172884693264,8802710.811445113
2025-11-05,Kano,Product A,Salesperson 4,SME,75,15000,0.051,1067625.0,769773.8337004489,297851.16629955114,0.27898481798342223,1016876.6940200304
2025-11-05,Kano,Product A,Salesperson 4,Corporate,340,15000,0.083,4676700.0,3111209.8961154786,1565490.1038845214,0.3347424688101699,4941475.877966661
2025-11-05,Port Harcourt,Product D,Salesperson 5,Retail,314,45000,0.008,14016960.0,7862520.535474209,6154439.464525791,0.4390709158423646,12831406.561341947
2025-11-06,Ibadan,Product C,Salesperson 6,Retail,33,30000,0.103,888030.0,638745.765834778,249284.23416522203,0.2807160052759727,829841.5726652971
2025-11-06,Ibadan,Product E,Salesperson 2,SME,130,60000,0.146,6661200.0,4437609.668490749,2223590.331509251,0.3338122757925375,7609632.519291467
2025-11-06,Abuja,Product E,Salesperson 2,Retail,176,60000,0.038,10158720.0,5990598.1589071965,4168121.8410928035,0.4102999040324769,11467856.437080704
2025-11-07,Lagos,Product E,Salesperson 4,Corporate,91,60000,0.023,5334420.0,3747558.0801446103,1586861.9198553897,0.2974759992380408,5543883.913156935
2025-11-08,Kano,Product C,Salesperson 3,SME,125,30000,0.043,3588750.0,2059469.441690973,1529280.558309027,0.4261318170140096,3786381.4012176623
2025-11-08,Lagos,Product D,Salesperson 1,SME,17,45000,0.119,673965.0,459893.26109634194,214071.73890365806,0.3176303500977915,652842.4111764632
2025-11-08,Kano,Product A,Salesperson 6,SME,389,15000,0.126,5099790.0,3720708.1600488573,1379081.8399511427,0.27041933882594044,4673756.303034898
2025-11-09,Lagos,Product C,Salesperson 3,SME,410,30000,0.05,11685000.0,8360362.220166278,3324637.779833722,0.2845218467979223,11141454.06300756
2025-11-09,Port Harcourt,Product C,Salesperson 6,Corporate,432,30000,0.005,12895200.0,9788115.501618844,3107084.4983811565,0.24094891885206562,13394948.718333017
2025-11-09,Abuja,Product E,Salesperson 8,SME,187,60000,0.019,11006820.0,7258028.50723536,3748791.4927646397,0.340588062016517,11124012.42842703
2025-11-10,Lagos,Product C,Salesperson 2,SME,112,30000,0.048,3198720.0,2246999.8421249106,951720.1578750894,0.29753156196074976,3171092.2432475295
2025-11-10,Port Harcourt,Product B,Salesperson 4,Retail,118,22000,0.107,2318228.0,1280008.0585510172,1038219.9414489828,0.44785066069816376,2220263.3638730384
2025-11-10,Kano,Product B,Salesperson 8,SME,499,22000,0.078,10121716.0,6817471.122953388,3304244.877046612,0.3264510560310734,9689307.724223208
2025-11-11,Kano,Product C,Salesperson 1,Corporate,285,30000,0.095,7737750.0,5280057.886970627,2457692.113029373,0.3176236131988463,8414777.947096538
2025-11-12,Abuja,Product C,Salesperson 5,Retail,311,30000,0.048,8882160.0,6638756.23071906,2243403.7692809403,0.2525741226549556,9839040.627769552
2025-11-12,Port Harcourt,Product B,Salesperson 8,Retail,262,22000,0.131,5008916.0,3296654.5785223693,1712261.4214776307,0.3418427103743865,5016833.883844959
2025-11-12,Port Harcourt,Product E,Salesperson 5,Corporate,144,60000,0.091,7853760.0,4327442.991776353,3526317.0082236473,0.44899729660998644,7980959.901305926
2025-11-13,Ibadan,Product C,Salesperson 5,Corporate,119,30000,0.029,3466470.0,2275167.5093151666,1191302.4906848334,0.3436644455843649,3467721.0050508315
2025-11-14,Ibadan,Product B,Salesperson 5,Corporate,167,22000,0.104,3291904.0,2293221.7176560625,998682.2823439375,0.3033752753251424,3622978.0409357217
2025-11-14,Port Harcourt,Product C,Salesperson 5,SME,469,30000,0.139,12114270.0,7180629.030027919,4933640.969972081,0.4072586272199712,11280245.539501248
2025-11-14,Abuja,Product E,Salesperson 2,SME,169,60000,0.094,9186840.0,6766870.428923104,2419969.571076896,0.2634169715676877,10269020.001223238
2025-11-14,Kano,Product A,Salesperson 1,Corporate,431,15000,0.134,5598690.0,3543034.032191962,2055655.967808038,0.3671673137480443,5311224.2182486
2025-11-14,Port Harcourt,Product D,Salesperson 8,Retail,342,45000,0.068,14343480.0,10357100.07426039,3986379.9257396106,0.2779227862233998,15095413.879611282
2025-11-14,Lagos,Product B,Salesperson 4,Corporate,349,22000,0.079,7071438.0,4093670.049994249,2977767.950005751,0.4210979365166959,7142407.3168980535
2025-11-14,Port Harcourt,Product C,Salesperson 1,SME,322,30000,0.07,8983800.0,5958775.101394372,3025024.898605628,0.33671997357528305,9099570.549427435
2025-11-14,Kano,Product C,Salesperson 1,Corporate,115,30000,0.004,3436200.0,2217686.4878703197,1218513.5121296803,0.3546107654181015,3663284.9635827625
2025-11-14,Kano,Product C,Salesperson 8,SME,311,30000,0.02,9143400.0,5517336.705233858,3626063.294766142,0.3965771260981847,9312115.011053633
2025-11-15,Ibadan,Product C,Salesperson 1,SME,391,30000,0.018,11518860.0,8049680.4507219205,3469179.5492780795,0.3011738617604589,12873509.119161766
2025-11-15,Lagos,Product B,Salesperson 8,Corporate,186,22000,0.136,3535488.0,2526876.360073072,1008611.6399269281,0.28528215621914943,3987372.9974340755
2025-11-16,Kano,Product A,Salesperson 8,SME,205,15000,0.055,2905875.0,2156685.9784682016,749189.0215317984,0.25781873670815103,3080293.170294959
2025-11-16,Lagos,Product E,Salesperson 1,SME,184,60000,0.067,10300320.0,6792037.776471405,3508282.2235285947,0.340599342887269,10586915.450243236
2025-11-16,Kano,Product B,Salesperson 6,Retail,17,22000,0.099,336974.0,188496.70249700669,148477.29750299331,0.4406194469098308,351777.20929866924
2025-11-16,Abuja,Product E,Salesperson 1,SME,403,60000,0.134,20939880.0,14898678.459900532,6041201.540099468,0.28850220441088814,20175685.0948808
2025-11-17,Ibadan,Product E,Salesperson 3,Retail,324,60000,0.087,17748720.0,11085711.054829415,6663008.945170585,0.37540785730861637,18908172.71538004
2025-11-17,Lagos,Product A,Salesperson 3,SME,373,15000,0.108,4990740.0,3260470.837299865,1730269.1627001348,0.34669591337159117,5464634.064294862
2025-11-18,Kano,Product C,Salesperson 4,Corporate,464,30000,0.081,12792480.0,9247509.128815453,3544970.8711845465,0.27711365358277257,14216984.057343263
2025-11-19,Port Harcourt,Product B,Salesperson 6,Corporate,464,22000,0.05,9697600.0,5572159.197666245,4125440.8023337554,0.425408431192641,10180974.986449815
2025-11-19,Abuja,Product E,Salesperson 8,Corporate,294,60000,0.121,15505560.0,11912704.05828652,3592855.9417134803,0.23171403946155317,14015020.049776072
2025-11-19,Lagos,Product D,Salesperson 3,Retail,184,45000,0.072,7683840.0,5294415.222930474,2389424.777069526,0.3109675340805542,8492806.401671851
2025-11-19,Abuja,Product E,Salesperson 6,Corporate,302,60000,0.049,17232120.0,10601132.404075,6630987.595925,0.3848039356692618,18096912.970525526
2025-11-20,Port Harcourt,Product A,Salesperson 3,SME,405,15000,0.046,5795550.0,4459106.51438879,1336443.4856112096,0.23059821511525389,6373203.148148865
2025-11-20,Lagos,Product B,Salesperson 6,Retail,387,22000,0.131,7398666.0,4530362.542865377,2868303.457134623,0.3876784621896195,7962048.580004981
2025-11-20,Port Harcourt,Product E,Salesperson 1,SME,248,60000,0.075,13764000.0,9785295.682609027,3978704.3173909727,0.2890659922545025,14595414.415576281
2025-11-20,Ibadan,Product A,Salesperson 1,Retail,480,15000,0.033,6962400.0,5117319.96283636,1845080.0371636404,0.2650063249976503,6887360.405565266
2025-11-21,Ibadan,Product C,Salesperson 4,SME,114,30000,0.04,3283200.0,2307265.2542594722,975934.7457405278,0.29725107996482936,3052272.601183484
2025-11-22,Abuja,Product D,Salesperson 1,SME,465,45000,0.088,19083600.0,12940988.86264737,6142611.1373526305,0.321879055175786,21363291.568399854
2025-11-22,Ibadan,Product D,Salesperson 6,SME,221,45000,0.08,9149400.0,5725249.040997684,3424150.959002316,0.37424868942251033,9446240.652412638
2025-11-22,Abuja,Product C,Salesperson 2,SME,220,30000,0.012,6520800.0,4332967.329992605,2187832.6700073946,0.33551599037041385,7010165.76166581
2025-11-23,Ibadan,Product D,Salesperson 7,SME,18,45000,0.079,746010.0,479273.33571490605,266736.66428509395,0.3575510573384994,723864.6969510094
2025-11-23,Ibadan,Product E,Salesperson 6,Corporate,333,60000,0.091,18161820.0,11387263.63226404,6774556.36773596,0.3730108748867657,17096633.363847718
2025-11-24,Abuja,Product C,Salesperson 5,Retail,375,30000,0.051,10676250.0,6584739.955284294,4091510.0447157063,0.38323475421760506,10411899.952683318
2025-11-24,Ibadan,Product A,Salesperson 2,Retail,425,15000,0.106,5699250.0,3749444.693121244,1949805.3068787558,0.3421161217491347,6144352.916693574
2025-11-25,Abuja,Product B,Salesperson 3,Retail,304,22000,0.124,5858688.0,4422662.3493601,1436025.6506399,0.24511044975255553,5491618.562888508
2025-11-25,Kano,Product D,Salesperson 4,SME,237,45000,0.048,10153080.0,5900425.235612931,4252654.764387069,0.41885366454189954,10162615.291678872
2025-11-26,Port Harcourt,Product A,Salesperson 5,Corporate,115,15000,0.12,1518000.0,939962.8852049743,578037.1147950257,0.38078861317195367,1615243.0394877521
2025-11-26,Lagos,Product C,Salesperson 8,Retail,401,30000,0.034,11620980.0,8019811.915679024,3601168.0843209764,0.30988505997953497,10517673.213696053
2025-11-26,Abuja,Product D,Salesperson 4,Corporate,470,45000,0.055,19986750.0,13124208.154538527,6862541.845461473,0.34335456467216896,22728213.365010418
2025-11-26,Ibadan,Product B,Salesperson 3,Retail,98,22000,0.0,2156000.0,1633205.5595809591,522794.44041904085,0.2424835066878668,2124132.454835742
2025-11-26,Ibadan,Product D,Salesperson 8,Retail,189,45000,0.056,8028720.0,5699610.975589841,2329109.0244101593,0.2900971791780208,7989060.464401628
2025-11-27,Ibadan,Product D,Salesperson 2,Corporate,148,45000,0.029,6466860.0,3561266.17699181,2905593.82300819,0.4493051995880829,6392338.600766353
2025-11-27,Abuja,Product B,Salesperson 5,SME,306,22000,0.027,6550236.0,4792603.725441669,1757632.274558331,0.26833113716182605,6218607.837895821
2025-11-28,Ibadan,Product A,Salesperson 2,Retail,39,15000,0.099,527085.0,366762.9591154363,160322.0408845637,0.30416733711747385,563216.5943854394
2025-11-28,Ibadan,Product D,Salesperson 8,Retail,147,45000,0.037,6370245.0,4035680.770510599,2334564.229489401,0.3664795042403237,6395266.222138819
2025-11-30,Abuja,Product B,Salesperson 7,Retail,139,22000,0.116,2703272.0,1806399.5779280197,896872.4220719803,0.33177291152055005,2461555.5184699306
2025-11-30,Abuja,Product A,Salesperson 2,Retail,77,15000,0.073,1070685.0,649198.4008341049,421486.59916589514,0.39366069307583007,1011324.3763770373
2025-11-30,Port Harcourt,Product B,Salesperson 3,Corporate,276,22000,0.032,5877696.0,4202569.201837926,1675126.7981620738,0.2849971822568016,6566499.124723994
2025-12-01,Kano,Product D,Salesperson 7,SME,387,45000,0.004,17345340.0,11995034.125138326,5350305.874861674,0.30845782641687475,18912273.161430568
2025-12-01,Port Harcourt,Product A,Salesperson 7,Corporate,380,15000,0.097,5147100.0,3930994.808051446,1216105.191948554,0.23626997570448485,5884237.557526151
2025-12-01,Abuja,Product E,Salesperson 1,SME,76,60000,0.08,4195200.0,2572266.9716377165,1622933.0283622835,0.3868547455096976,4540152.560017338
2025-12-01,Abuja,Product A,Salesperson 1,Corporate,71,15000,0.007,1057545.0,592328.9040630629,465216.09593693714,0.4399019388649534,1047545.5835404574
2025-12-01,Abuja,Product B,Salesperson 8,Retail,161,22000,0.128,3088624.0,1901490.4147519546,1187133.5852480454,0.3843567832303464,3424105.507857129
2025-12-02,Port Harcourt,Product A,Salesperson 5,Corporate,58,15000,0.025,848250.0,570724.9751287325,277525.0248712675,0.3271736220115149,935854.0890529434
2025-12-02,Kano,Product C,Salesperson 8,Retail,441,30000,0.092,12012840.0,8942380.660642002,3070459.339357998,0.25559812162302986,13166258.177798685
2025-12-03,Ibadan,Product C,Salesperson 3,Corporate,82,30000,0.125,2152500.0,1443967.840536788,708532.1594632119,0.3291670891815154,1951428.1581368519
2025-12-04,Lagos,Product D,Salesperson 4,SME,177,45000,0.076,7359660.0,5505353.003751236,1854306.996248764,0.2519555246096646,8432229.105462868
2025-12-04,Ibadan,Product D,Salesperson 7,SME,46,45000,0.006,2057580.0,1278028.0925976948,779551.9074023052,0.3788683343550701,1899069.354219015
2025-12-04,Ibadan,Product B,Salesperson 1,Retail,215,22000,0.059,4450930.0,3138191.3410491976,1312738.6589508024,0.2949358131785497,4162476.8634019066
2025-12-04,Port Harcourt,Product A,Salesperson 8,Retail,455,15000,0.131,5930925.0,4581396.617375546,1349528.3826244539,0.2275409624340982,6238774.964199862
2025-12-05,Lagos,Product D,Salesperson 3,Corporate,184,45000,0.137,7145640.0,5312869.497841134,1832770.5021588663,0.2564879425998044,7724802.898290001
2025-12-05,Ibadan,Product D,Salesperson 6,Corporate,451,45000,0.059,19097595.0,11377021.00154698,7720573.998453019,0.4042694380341095,21208671.94121753
2025-12-06,Kano,Product B,Salesperson 6,Corporate,422,22000,0.006,9228296.0,7105149.967325683,2123146.0326743172,0.23006913006196564,9768734.20620905
2025-12-06,Lagos,Product A,Salesperson 7,SME,481,15000,0.006,7171710.0,4906644.226695563,2265065.7733044373,0.31583343070264097,6721305.605790952
2025-12-06,Kano,Product A,Salesperson 7,Retail,266,15000,0.114,3535140.0,2660044.0483737756,875095.9516262244,0.24754209214521192,3832672.1727353386
2025-12-07,Ibadan,Product B,Salesperson 8,Retail,132,22000,0.078,2677488.0,1671515.8870524631,1005972.1129475369,0.3757148913263241,2614186.622994627
2025-12-08,Abuja,Product E,Salesperson 5,Corporate,273,60000,0.108,14610960.0,8741377.262337064,5869582.737662936,0.40172464626985055,16340109.2725647
2025-12-08,Port Harcourt,Product B,Salesperson 7,SME,372,22000,0.137,7062792.0,3915206.495177077,3147585.504822923,0.4456573979274659,7726962.5941475695
2025-12-08,Ibadan,Product D,Salesperson 2,SME,103,45000,0.092,4208580.0,3281164.196433391,927415.803566609,0.22036311619753196,4687636.837107143
2025-12-08,Ibadan,Product E,Salesperson 4,SME,259,60000,0.069,14467740.0,8634537.774607109,5833202.225392891,0.40318682982918486,13859336.367771124
2025-12-08,Abuja,Product C,Salesperson 4,Corporate,383,30000,0.118,10134180.0,5668220.267554852,4465959.732445148,0.44068289022349594,11421875.919909306
2025-12-10,Kano,Product E,Salesperson 3,Retail,405,60000,0.119,21408300.0,12265607.752689434,9142692.247310566,0.4270629731137253,23924070.647660363
2025-12-10,Ibadan,Product A,Salesperson 6,SME,423,15000,0.048,6040440.0,3947559.8967676032,2092880.1032323968,0.34647808822410237,6150365.958673373
2025-12-10,Kano,Product B,Salesperson 6,SME,146,22000,0.128,2800864.0,1914585.322113915,886278.6778860849,0.31643045784660906,2940276.5330261486
2025-12-10,Kano,Product E,Salesperson 5,SME,163,60000,0.043,9359460.0,6340159.96507892,3019300.03492108,0.3225934012134332,9994273.594664559
2025-12-10,Ibadan,Product B,Salesperson 4,SME,289,22000,0.031,6160902.0,4090364.9007749953,2070537.0992250047,0.33607694120520093,6972150.329224428
2025-12-11,Abuja,Product A,Salesperson 7,Corporate,476,15000,0.067,6661620.0,4424118.158751754,2237501.841248246,0.33587953699674344,6843630.431523302
2025-12-12,Ibadan,Product D,Salesperson 6,Retail,401,45000,0.144,15446520.0,11844395.140236773,3602124.8597632274,0.23319976666350914,17520649.71990197
2025-12-12,Ibadan,Product E,Salesperson 4,Corporate,150,60000,0.008,8928000.0,4922249.706725433,4005750.2932745675,0.4486727479026173,8671940.489172043
2025-12-12,Abuja,Product B,Salesperson 4,SME,412,22000,0.112,8048832.0,4823347.39563881,3225484.6043611905,0.40073946186989495,7731745.876654357
2025-12-12,Abuja,Product C,Salesperson 2,SME,24,30000,0.15,612000.0,469706.83343994885,142293.16656005115,0.23250517411773064,579008.3404170132
2025-12-12,Lagos,Product D,Salesperson 4,Corporate,40,45000,0.03,1746000.0,1334385.84503977,411614.15496023,0.2357469386942898,1734217.5990969916
2025-12-12,Lagos,Product A,Salesperson 6,Retail,52,15000,0.04,748800.0,435305.6173224008,313494.3826775992,0.4186623700288451,841211.027109738
2025-12-12,Ibadan,Product A,Salesperson 3,SME,267,15000,0.031,3880845.0,2480899.7694253298,1399945.2305746702,0.36073206494324567,4227356.5109583065
2025-12-13,Port Harcourt,Product E,Salesperson 5,SME,111,60000,0.148,5674320.0,3287275.077281358,2387044.922718642,0.4206750628654432,5450646.434412827
2025-12-14,Ibadan,Product A,Salesperson 6,Retail,317,15000,0.095,4303275.0,2499403.309783913,1803871.6902160868,0.41918578064755024,4845997.509855346
2025-12-14,Kano,Product D,Salesperson 2,SME,283,45000,0.14,10952100.0,8360745.96409127,2591354.03590873,0.23660795974367746,10711157.37615759
2025-12-14,Port Harcourt,Product B,Salesperson 7,SME,210,22000,0.104,4139520.0,2313108.473106461,1826411.526893539,0.4412133597358,4189428.7252921592
2025-12-14,Kano,Product A,Salesperson 8,SME,466,15000,0.053,6619530.0,5077311.900243239,1542218.0997567615,0.2329800000538953,6232973.0868561985
2025-12-15,Abuja,Product C,Salesperson 7,SME,302,30000,0.12,7972800.0,5665129.629739191,2307670.3702608086,0.28944290214991075,8606649.977986563
2025-12-15,Ibadan,Product D,Salesperson 1,Corporate,296,45000,0.037,12827160.0,9013030.015097855,3814129.9849021453,0.2973479698469611,12935218.988118067
2025-12-15,Ibadan,Product C,Salesperson 1,SME,385,30000,0.12,10164000.0,7098678.714175,3065321.285825,0.3015861162755805,11658625.07501924
2025-12-15,Ibadan,Product C,Salesperson 5,Retail,250,30000,0.067,6997500.0,4719863.698303987,2277636.3016960127,0.3254928619787085,7451015.912003369
2025-12-15,Ibadan,Product E,Salesperson 2,SME,484,60000,0.136,25090560.0,19284286.840789706,5806273.1592102945,0.2314126571591186,23658478.6090575
2025-12-15,Kano,Product D,Salesperson 3,Corporate,147,45000,0.143,5669055.0,3702827.097908303,1966227.9020916969,0.34683521364525427,5345242.39620693
2025-12-15,Kano,Product E,Salesperson 4,SME,299,60000,0.048,17078880.0,11761297.826536426,5317582.173463574,0.3113542675786453,19337887.916915763
2025-12-16,Lagos,Product E,Salesperson 2,Corporate,340,60000,0.1,18360000.0,13698638.631317947,4661361.368682053,0.2538867847866042,20922372.88054719
2025-12-16,Ibadan,Product C,Salesperson 3,Corporate,341,30000,0.032,9902640.0,5692261.743445067,4210378.256554933,0.4251773523580513,9650225.910929523
2025-12-16,Port Harcourt,Product B,Salesperson 8,SME,272,22000,0.129,5212064.0,3714206.2920363136,1497857.7079636864,0.28738283105573653,5236100.46214888
2025-12-16,Lagos,Product B,Salesperson 4,SME,113,22000,0.108,2217512.0,1419937.410581127,797574.589418873,0.3596709237284276,2123842.152082815
2025-12-18,Kano,Product E,Salesperson 3,SME,19,60000,0.092,1035120.0,616313.4071576066,418806.59284239344,0.40459714124197527,1163422.828346138
2025-12-19,Lagos,Product D,Salesperson 2,SME,207,45000,0.002,9296370.0,5571760.765885217,3724609.234114783,0.4006520000940994,10446588.11255472
2025-12-19,Ibadan,Product D,Salesperson 7,Retail,349,45000,0.072,14574240.0,10096909.67167308,4477330.32832692,0.3072084944619356,13295812.785508597
2025-12-20,Ibadan,Product C,Salesperson 7,Corporate,206,30000,0.016,6081120.0,3921923.561619211,2159196.438380789,0.35506558633619945,5838220.5565278195
2025-12-22,Kano,Product B,Salesperson 2,SME,362,22000,0.047,7589692.0,4174422.816233451,3415269.183766549,0.44998784980557166,6965832.063617238
2025-12-22,Port Harcourt,Product E,Salesperson 6,Retail,210,60000,0.032,12196800.0,7113643.355078107,5083156.644921893,0.41676149850140143,12140758.887903301
2025-12-22,Ibadan,Product A,Salesperson 2,SME,161,15000,0.13,2101050.0,1378337.137195176,722712.862804824,0.3439769937911159,2140574.1786715095
2025-12-22,Kano,Product E,Salesperson 2,SME,389,60000,0.065,21822900.0,14021125.256228825,7801774.743771175,0.3575040321758875,21100926.232943144
2025-12-22,Port Harcourt,Product A,Salesperson 3,Retail,329,15000,0.062,4629030.0,2781949.275820348,1847080.724179652,0.39902111763796133,4546296.566950399
2025-12-23,Ibadan,Product D,Salesperson 7,SME,249,45000,0.028,10891260.0,7253762.559392004,3637497.4406079957,0.33398316086550095,10360808.896510845
2025-12-23,Kano,Product C,Salesperson 8,Retail,51,30000,0.034,1477980.0,845000.1224996628,632979.8775003372,0.42827364206575,1503536.5091154107
2025-12-24,Ibadan,Product E,Salesperson 1,Corporate,424,60000,0.074,23557440.0,15221400.03870908,8336039.96129092,0.3538601801083191,26022387.928392272
2025-12-25,Ibadan,Product A,Salesperson 6,Corporate,404,15000,0.036,5841840.0,3394452.3733287547,2447387.6266712453,0.41894122856347404,5732499.6366114495
2025-12-25,Lagos,Product C,Salesperson 8,SME,363,30000,0.052,10323720.0,6006375.101037527,4317344.898962473,0.41819662863410406,10358555.165960968
2025-12-25,Kano,Product E,Salesperson 7,SME,385,60000,0.138,19912200.0,15434680.65144937,4477519.348550631,0.22486311650900606,22588031.238388542
2025-12-25,Port Harcourt,Product E,Salesperson 2,Corporate,159,60000,0.142,8185320.0,5923435.220707815,2261884.779292185,0.2763343130497262,7419240.04190599
2025-12-26,Lagos,Product D,Salesperson 7,Retail,284,45000,0.012,12626640.0,8948396.256561182,3678243.7434388176,0.2913081978609367,11980075.900312187
2025-12-26,Lagos,Product A,Salesperson 7,Corporate,394,15000,0.088,5389920.0,3880570.8632408334,1509349.1367591666,0.2800318254740639,4904844.893133469
2025-12-26,Kano,Product A,Salesperson 6,Retail,416,15000,0.131,5422560.0,3325358.9684625743,2097201.0315374257,0.3867547858460627,5972852.441895996
2025-12-27,Kano,Product E,Salesperson 6,Corporate,372,60000,0.013,22029840.0,15837957.355486503,6191882.644513497,0.28106798072584716,21832685.173153304
2025-12-27,Lagos,Product E,Salesperson 3,Corporate,311,60000,0.129,16252860.0,10474335.905915711,5778524.094084289,0.35553890786509507,16984084.21873997
2025-12-27,Ibadan,Product C,Salesperson 5,SME,285,30000,0.104,7660800.0,5537171.211674438,2123628.788325562,0.27720718310431836,8003759.705024216
2025-12-29,Ibadan,Product C,Salesperson 5,Retail,239,30000,0.008,7112640.0,4989921.260985962,2122718.739014038,0.29844315739500915,7656644.256150094
2025-12-29,Lagos,Product C,Salesperson 4,Retail,62,30000,0.05,1767000.0,1333959.4302091757,433040.5697908243,0.2450710638318191,1738172.955172368
2025-12-29,Ibadan,Product D,Salesperson 2,Corporate,371,45000,0.073,15476265.0,9299043.059251064,6177221.940748936,0.39914164953552655,17098040.220520444
2025-12-29,Ibadan,Product A,Salesperson 4,Retail,92,15000,0.079,1270980.0,818274.1243955019,452705.8756044981,0.35618646682441746,1447120.6543985456
2025-12-29,Ibadan,Product A,Salesperson 1,Corporate,436,15000,0.074,6056040.0,3439804.5740974494,2616235.4259025506,0.4320043173265947,5875252.392887354
2025-12-30,Ibadan,Product E,Salesperson 5,SME,57,60000,0.016,3365280.0,2113140.984260433,1252139.015739567,0.3720757309167639,3104443.2710513035
2025-12-30,Port Harcourt,Product B,Salesperson 4,Corporate,353,22000,0.077,7168018.0,4107162.0035049533,3060855.9964950467,0.4270156682774857,7485815.169589658
2025-12-30,Port Harcourt,Product D,Salesperson 4,Retail,212,45000,0.021,9339660.0,5232554.87608169,4107105.12391831,0.43974889063609485,9993806.393205507
2025-12-31,Abuja,Product D,Salesperson 1,Corporate,416,45000,0.138,16136640.0,8910555.133429958,7226084.866570042,0.44780604057412465,15174157.955049703
2025-12-31,Lagos,Product C,Salesperson 8,Corporate,245,30000,0.091,6681150.0,4064111.073440421,2617038.926559579,0.3917048601752062,7093622.000101945
2025-12-31,Kano,Product C,Salesperson 6,SME,32,30000,0.058,904320.0,582538.5505596795,321781.4494403205,0.35582697434571886,936821.8160340897
2025-12-31,Abuja,Product E,Salesperson 5,Retail,317,60000,0.045,18164100.0,13198180.596562581,4965919.403437419,0.2733919876810532,17417951.07835361
2025-12-31,Kano,Product C,Salesperson 3,Corporate,496,30000,0.136,12856320.0,8181308.002179208,4675011.997820792,0.3636353169352343,12581572.63848584
2026-01-01,Ibadan,Product C,Salesperson 5,Retail,217,30000,0.059,6125910.0,3987298.079048657,2138611.920951343,0.34910926228941386,5748334.685594928
2026-01-01,Ibadan,Product B,Salesperson 1,SME,320,22000,0.085,6441600.0,4102865.8207307463,2338734.1792692537,0.3630672782025046,5881742.454070183
2026-01-02,Kano,Product B,Salesperson 7,SME,319,22000,0.048,6681136.0,4066043.930275338,2615092.069724662,0.39141428489476376,6654735.799974901
2026-01-02,Lagos,Product A,Salesperson 3,SME,488,15000,0.039,7034520.0,4604311.611164697,2430208.3888353026,0.34546897142026783,7944345.298656813
2026-01-02,Abuja,Product B,Salesperson 5,SME,51,22000,0.069,1044582.0,578111.8882646819,466470.1117353181,0.446561506646025,1087884.6226542823
2026-01-04,Port Harcourt,Product E,Salesperson 3,Retail,21,60000,0.08,1159200.0,650666.4489338506,508533.5510661494,0.4386935395670716,1292164.2724727734
2026-01-04,Kano,Product D,Salesperson 2,Retail,298,45000,0.04,12873600.0,7824946.577656122,5048653.422343878,0.3921710649968834,11716546.013818216
2026-01-04,Kano,Product C,Salesperson 2,SME,447,30000,0.124,11747160.0,9036134.684305886,2711025.315694114,0.230781339123168,11443206.848767394
2026-01-05,Lagos,Product A,Salesperson 8,SME,275,15000,0.019,4046625.0,2415961.3638171563,1630663.6361828437,0.4029688039249606,4595723.68724316
2026-01-05,Kano,Product B,Salesperson 8,SME,464,22000,0.036,9840512.0,7247222.260529056,2593289.739470944,0.263531992997005,9982293.78826107
2026-01-06,Port Harcourt,Product C,Salesperson 5,Retail,305,30000,0.062,8582700.0,6369752.216449135,2212947.783550865,0.2578381842020419,9245131.195687445
2026-01-06,Port Harcourt,Product C,Salesperson 1,SME,124,30000,0.112,3303360.0,2065461.7545498908,1237898.2454501092,0.37473912787286556,3506958.5459770802
2026-01-06,Port Harcourt,Product B,Salesperson 6,SME,274,22000,0.131,5238332.0,3719201.9604337537,1519130.0395662463,0.2900026267075562,5979282.969372072
2026-01-06,Abuja,Product D,Salesperson 3,SME,368,45000,0.007,16444080.0,12572397.515101688,3871682.484898312,0.23544536908713118,15195343.250009308
2026-01-07,Lagos,Product C,Salesperson 7,SME,498,30000,0.09,13595400.0,9669897.651650826,3925502.3483491745,0.28873753978177724,12945842.013003845
2026-01-08,Abuja,Product A,Salesperson 5,Corporate,292,15000,0.075,4051500.0,2374001.669209175,1677498.3307908252,0.4140437691696471,3936093.074824399
2026-01-08,Abuja,Product D,Salesperson 2,Retail,295,45000,0.068,12372300.0,9129934.525634099,3242365.474365901,0.2620665094093985,13880958.186130665
2026-01-08,Abuja,Product E,Salesperson 2,Corporate,244,60000,0.028,14230080.0,9950931.845430685,4279148.154569315,0.3007114615356565,14947092.842415933
2026-01-08,Lagos,Product D,Salesperson 8,Retail,127,45000,0.108,5097780.0,3294033.8685630653,1803746.1314369347,0.3538297320474667,4923028.996246787
2026-01-09,Kano,Product E,Salesperson 8,SME,432,60000,0.137,22368960.0,15161500.918933034,7207459.081066966,0.32220805442304723,25426281.87076911
2026-01-09,Port Harcourt,Product D,Salesperson 7,Retail,249,45000,0.123,9826785.0,5667917.329760341,4158867.670239659,0.4232175294605162,10249581.974979877
2026-01-09,Ibadan,Product E,Salesperson 8,Corporate,276,60000,0.062,15533280.0,10940464.748133112,4592815.251866888,0.29567581681826943,16509235.583296597
2026-01-09,Kano,Product E,Salesperson 4,Retail,249,60000,0.097,13490820.0,8265386.319210396,5225433.680789604,0.3873325476723879,15131224.064304618
2026-01-10,Port Harcourt,Product D,Salesperson 1,SME,203,45000,0.093,8285445.0,6321155.639387322,1964289.3606126783,0.23707711059727973,8405722.607501697
2026-01-10,Kano,Product C,Salesperson 6,Corporate,165,30000,0.093,4489650.0,3256988.6765810875,1232661.3234189125,0.2745562178385648,4508449.355007695
2026-01-11,Ibadan,Product B,Salesperson 6,Retail,15,22000,0.018,324060.0,210419.9513940464,113640.0486059536,0.35067595076823305,330178.78114954603
2026-01-11,Abuja,Product B,Salesperson 8,Corporate,70,22000,0.103,1381380.0,954895.8559066855,426484.14409331453,0.308737743483556,1546695.817086416
2026-01-11,Abuja,Product A,Salesperson 2,SME,367,15000,0.047,5246265.0,4023668.2241859715,1222596.7758140285,0.23304136863349992,5425365.497777618
2026-01-12,Abuja,Product C,Salesperson 4,SME,492,30000,0.024,14405760.0,8690477.668296026,5715282.331703974,0.3967359120035301,13085536.902850589
2026-01-12,Ibadan,Product C,Salesperson 1,SME,74,30000,0.077,2049060.0,1559712.5608538338,489347.4391461662,0.2388155735538082,2223306.629162496
2026-01-12,Ibadan,Product D,Salesperson 7,Corporate,188,45000,0.067,7893180.0,6066987.134401893,1826192.8655981068,0.23136338783584143,8110025.285344389
2026-01-13,Ibadan,Product A,Salesperson 7,Corporate,168,15000,0.038,2424240.0,1854028.5048319928,570211.4951680072,0.23521247696927994,2760663.0309497756
2026-01-13,Abuja,Product A,Salesperson 3,SME,491,15000,0.045,7033575.0,4127161.464545233,2906413.535454767,0.41321995364445063,7549605.373278983
2026-01-13,Lagos,Product E,Salesperson 1,Corporate,378,60000,0.123,19890360.0,11206395.045517605,8683964.954482395,0.4365916431116579,18541858.602463096
2026-01-14,Abuja,Product B,Salesperson 8,Corporate,496,22000,0.114,9668032.0,6849753.189800201,2818278.810199799,0.29150491125803046,9313942.783935783
2026-01-14,Abuja,Product E,Salesperson 4,Corporate,447,60000,0.024,26176320.0,18355154.810787864,7821165.189212136,0.2987878047491831,27581798.29913083
2026-01-15,Abuja,Product B,Salesperson 8,Retail,138,22000,0.041,2911524.0,1834696.657700108,1076827.342299892,0.3698500655669993,3238502.08025909
2026-01-15,Ibadan,Product A,Salesperson 3,Corporate,329,15000,0.096,4461240.0,2587405.4729168476,1873834.5270831524,0.4200254922584646,5011599.817703126
2026-01-15,Abuja,Product E,Salesperson 4,SME,116,60000,0.142,5971680.0,3714669.6318513267,2257010.3681486733,0.37795232968757086,6388123.202817097
2026-01-15,Kano,Product A,Salesperson 2,SME,458,15000,0.042,6581460.0,4068535.937676521,2512924.062323479,0.38181863330073856,6890067.575233253
2026-01-16,Lagos,Product B,Salesperson 4,Retail,213,22000,0.118,4133052.0,3019289.902379085,1113762.0976209152,0.2694769138208073,4166995.8331610155
2026-01-16,Abuja,Product C,Salesperson 5,Retail,477,30000,0.04,13737600.0,7866888.397593043,5870711.602406957,0.42734623241373726,12696809.862837188
2026-01-16,Abuja,Product B,Salesperson 4,Retail,411,22000,0.098,8155884.0,5876874.686696068,2279009.3133039316,0.27943130546044204,8633468.096968995
2026-01-17,Kano,Product A,Salesperson 3,Retail,114,15000,0.138,1474020.0,990648.5106743991,483371.4893256009,0.3279273614507272,1454400.8203029048
2026-01-17,Port Harcourt,Product A,Salesperson 2,SME,466,15000,0.01,6920100.0,4085586.122006741,2834513.877993259,0.40960591291935944,7202757.955945983
2026-01-18,Kano,Product D,Salesperson 6,SME,89,45000,0.015,3944925.0,2846810.255491731,1098114.7445082688,0.2783613742994528,3734607.5216912776
2026-01-19,Kano,Product C,Salesperson 2,Retail,472,30000,0.073,13126320.0,8422747.660465537,4703572.339534463,0.35833137844685053,12831460.917787153
2026-01-20,Lagos,Product E,Salesperson 3,Retail,154,60000,0.061,8676360.0,6279520.518765557,2396839.4812344434,0.2762494273214163,8233141.8051779745
2026-01-20,Lagos,Product C,Salesperson 1,SME,381,30000,0.029,11098530.0,7860500.791765951,3238029.2082340494,0.2917529806410443,10911676.81320254
2026-01-20,Abuja,Product D,Salesperson 7,Retail,211,45000,0.071,8820855.0,5894019.822114035,2926835.1778859654,0.33180855800100617,8585756.446703624
2026-01-21,Ibadan,Product C,Salesperson 6,Corporate,437,30000,0.143,11235270.0,7030648.070262853,4204621.929737147,0.37423416880387805,10217231.145917466
2026-01-21,Kano,Product D,Salesperson 2,Corporate,346,45000,0.017,15305310.0,11051168.322570208,4254141.677429792,0.2779520099514346,17548750.257298563
2026-01-21,Abuja,Product C,Salesperson 2,SME,326,30000,0.029,9496380.0,5718459.20400981,3777920.7959901895,0.3978274664651361,9430487.694074776
2026-01-21,Lagos,Product D,Salesperson 6,Retail,403,45000,0.057,17101305.0,12290116.523355221,4811188.476644779,0.28133458099512165,19092328.677133862
2026-01-21,Port Harcourt,Product E,Salesperson 5,Corporate,17,60000,0.149,868020.0,641093.24836577,226926.75163423002,0.26143032606878874,907912.7393260798
2026-01-21,Port Harcourt,Product E,Salesperson 8,SME,131,60000,0.017,7726380.0,4342407.636955201,3383972.3630447993,0.4379764343773927,7808456.009024613
2026-01-21,Ibadan,Product C,Salesperson 7,SME,433,30000,0.101,11678010.0,6516374.142932557,5161635.857067443,0.4419961840302794,12331819.66537981
2026-01-22,Ibadan,Product A,Salesperson 3,SME,19,15000,0.078,262770.0,175439.26412458756,87330.73587541244,0.3323466753259978,282083.0765803625
2026-01-22,Ibadan,Product B,Salesperson 8,Retail,180,22000,0.08,3643200.0,2004103.7962915048,1639096.2037084952,0.4499056334289897,3308125.4059030586
2026-01-22,Kano,Product D,Salesperson 8,SME,65,45000,0.141,2512575.0,1511876.5774197883,1000698.4225802117,0.3982760405481276,2522412.360211248
2026-01-22,Ibadan,Product A,Salesperson 3,SME,79,15000,0.122,1040430.0,681193.6946775685,359236.3053224315,0.3452767656857564,1155744.0705000544
2026-01-23,Abuja,Product A,Salesperson 6,SME,208,15000,0.001,3116880.0,2036818.5542952516,1080061.4457047484,0.3465200603503338,3334919.879533905
2026-01-23,Kano,Product A,Salesperson 3,Retail,429,15000,0.147,5489055.0,4257031.6129530035,1232023.3870469965,0.22445090950026853,6186425.1603014665
2026-01-24,Ibadan,Product C,Salesperson 6,Corporate,476,30000,0.11,12709200.0,7808349.287419688,4900850.712580312,0.38561441417086145,12893243.767592032
2026-01-24,Port Harcourt,Product D,Salesperson 8,Retail,40,45000,0.029,1747800.0,1030161.4389233921,717638.5610766079,0.4105953547754937,1853443.7629704997
2026-01-25,Lagos,Product E,Salesperson 2,SME,112,60000,0.148,5725440.0,3193996.165439463,2531443.834560537,0.44213961452054984,5516773.231812895
2026-01-25,Port Harcourt,Product C,Salesperson 4,Corporate,451,30000,0.032,13097040.0,8565491.35014689,4531548.64985311,0.3459979239471751,13772879.275601156
2026-01-25,Port Harcourt,Product A,Salesperson 1,SME,32,15000,0.023,468960.0,326724.0105126634,142235.9894873366,0.3033008987703356,454825.82958293625
2026-01-26,Abuja,Product A,Salesperson 1,SME,304,15000,0.05,4332000.0,2580250.4638026557,1751749.5361973443,0.4043743158350287,4867330.033464096
2026-01-26,Port Harcourt,Product B,Salesperson 2,SME,215,22000,0.106,4228620.0,2833316.746881028,1395303.2531189718,0.3299665737566799,4543983.421970382
2026-01-26,Ibadan,Product C,Salesperson 5,Corporate,193,30000,0.039,5564190.0,4054918.8150523,1509271.1849476998,0.2712472408288897,5306503.5499618165
2026-01-27,Lagos,Product E,Salesperson 4,Retail,127,60000,0.106,6812280.0,4067176.3877697363,2745103.6122302637,0.40296400210065697,7533912.119991318
2026-01-27,Port Harcourt,Product D,Salesperson 4,Corporate,110,45000,0.01,4900500.0,3607149.9770941427,1293350.0229058573,0.2639220534447214,5563464.5530955475
2026-01-27,Lagos,Product B,Salesperson 1,Corporate,33,22000,0.05,689700.0,422161.18798801885,267538.81201198115,0.38790606352324364,722190.655965102
2026-01-27,Lagos,Product B,Salesperson 4,Retail,276,22000,0.101,5458728.0,3823431.2399322717,1635296.7600677283,0.2995746921384851,4929476.802155917
2026-01-28,Abuja,Product A,Salesperson 7,Corporate,124,15000,0.116,1644240.0,1172811.082032611,471428.9179673891,0.2867153931101233,1655520.2759872973
2026-01-28,Kano,Product E,Salesperson 8,Corporate,432,60000,0.073,24027840.0,14813509.96044227,9214330.03955773,0.38348557504784997,21862042.303128492
2026-01-28,Lagos,Product B,Salesperson 7,SME,361,22000,0.096,7179568.0,4735806.0645426875,2443761.9354573125,0.34037729504857567,7979419.081066047
2026-01-28,Port Harcourt,Product A,Salesperson 3,Corporate,139,15000,0.143,1786845.0,1093885.324382694,692959.675617306,0.3878118558785491,1824487.6586903431
2026-01-29,Port Harcourt,Product E,Salesperson 7,Retail,101,60000,0.061,5690340.0,4092578.6624430786,1597761.3375569214,0.2807848630410347,5921729.310832609
2026-01-29,Kano,Product D,Salesperson 7,Retail,113,45000,0.007,5049405.0,3363358.5770570724,1686046.4229429276,0.3339099206625192,5765139.246238965
2026-01-29,Abuja,Product B,Salesperson 5,Corporate,213,22000,0.055,4428270.0,2487343.374050499,1940926.625949501,0.43830358716823975,4130826.7018084587
2026-01-30,Kano,Product E,Salesperson 1,Retail,359,60000,0.146,18395160.0,12626913.871816613,5768246.128183387,0.31357412102875903,20121158.33578753
2026-01-30,Ibadan,Product A,Salesperson 2,Retail,148,15000,0.129,1933620.0,1225555.9471697873,708064.0528302127,0.36618573082105726,1912436.4843870304
2026-01-30,Abuja,Product B,Salesperson 1,SME,45,22000,0.022,968220.0,632861.4856747169,335358.5143252831,0.346366026652293,1111078.8735473133
2026-01-31,Kano,Product A,Salesperson 5,Retail,146,15000,0.1,1971000.0,1321213.2840568316,649786.7159431684,0.32967362554194235,2103589.1783088897
2026-01-31,Lagos,Product E,Salesperson 3,Corporate,499,60000,0.092,27185520.0,15664498.122319706,11521021.877680294,0.423792588027755,26148061.91639467
2026-01-31,Ibadan,Product C,Salesperson 1,SME,153,30000,0.128,4002480.0,2875015.412519268,1127464.5874807318,0.2816914981413353,3974863.554448298
2026-01-31,Port Harcourt,Product A,Salesperson 6,Retail,332,15000,0.065,4656300.0,3575938.4987177486,1080361.5012822514,0.2320214550785498,5264215.899807519
2026-02-01,Lagos,Product B,Salesperson 7,Corporate,403,22000,0.059,8342906.000000001,6385335.615742487,1957570.384257514,0.23463891170025333,8155044.424821869
2026-02-01,Abuja,Product A,Salesperson 6,Retail,66,15000,0.067,923670.0,612514.6455192913,311155.3544807087,0.33686852932401046,850700.4659128166
2026-02-01,Kano,Product A,Salesperson 6,Retail,376,15000,0.142,4839120.0,3057707.9646721412,1781412.0353278588,0.3681272701085856,4589589.486394756
2026-02-01,Kano,Product D,Salesperson 3,SME,431,45000,0.009,19220445.0,13339686.709663874,5880758.290336126,0.3059636907645024,21005767.061929345
2026-02-02,Port Harcourt,Product B,Salesperson 7,Retail,373,22000,0.06,7713640.0,5841861.5837115,1871778.4162884997,0.24265825424682766,8042799.650281409
2026-02-02,Lagos,Product C,Salesperson 8,Corporate,212,30000,0.096,5749440.0,3390724.2588285306,2358715.7411714694,0.410251388165016,5810030.636992283
2026-02-02,Ibadan,Product E,Salesperson 5,Corporate,185,60000,0.031,10755900.0,7317045.675457347,3438854.324542653,0.31971795243007584,9973408.247741796
2026-02-03,Port Harcourt,Product D,Salesperson 2,SME,392,45000,0.068,16440479.999999998,9746785.564744005,6693694.435255993,0.4071471414007373,14973224.55527775
2026-02-04,Port Harcourt,Product D,Salesperson 7,SME,418,45000,0.033,18189270.0,10385374.483590376,7803895.516409624,0.4290384120093673,18731674.406077456
2026-02-05,Ibadan,Product C,Salesperson 1,SME,347,30000,0.141,8942190.0,6390054.784683687,2552135.2153163133,0.28540382337171466,9403736.163971934
2026-02-05,Abuja,Product C,Salesperson 7,SME,155,30000,0.027,4524450.0,3095129.418459153,1429320.5815408472,0.31591034966478737,4439417.6108379625
2026-02-05,Kano,Product D,Salesperson 2,SME,372,45000,0.061,15718860.000000002,12198122.938209979,3520737.061790023,0.22398170489399502,16384993.335640814
2026-02-05,Lagos,Product C,Salesperson 2,Retail,53,30000,0.073,1473930.0,885760.0684507949,588169.9315492051,0.3990487550624555,1509681.5162920645
2026-02-05,Lagos,Product C,Salesperson 2,SME,238,30000,0.032,6911520.0,4862588.796956904,2048931.2030430958,0.29645160587585595,7035819.135541258
2026-02-05,Lagos,Product B,Salesperson 6,Retail,165,22000,0.105,3248850.0,2046709.555423083,1202140.444576917,0.3700202978213574,3228515.893815196
2026-02-05,Port Harcourt,Product A,Salesperson 2,Corporate,18,15000,0.119,237870.0,154157.2179912815,83712.7820087185,0.35192660700684614,214572.00906586892
2026-02-05,Kano,Product E,Salesperson 7,SME,391,60000,0.061,22028940.0,16430095.964320334,5598844.035679666,0.25415857665778135,21865486.231447257
2026-02-06,Abuja,Product C,Salesperson 4,Retail,496,30000,0.082,13659840.0,9680166.456485279,3979673.543514721,0.2913411535943848,15097915.607816167
2026-02-06,Lagos,Product A,Salesperson 2,SME,91,15000,0.135,1180725.0,842158.10911806,338566.89088194,0.2867449159473544,1124146.7085828301
2026-02-06,Kano,Product E,Salesperson 8,SME,200,60000,0.057,11316000.0,8241942.835439594,3074057.1645604055,0.2716558116437262,10531006.654237438
2026-02-06,Kano,Product A,Salesperson 7,Corporate,275,15000,0.051,3914625.0,2414728.1437559635,1499896.8562440365,0.38315211705949775,4281764.053632075
2026-02-07,Abuja,Product D,Salesperson 5,Corporate,489,45000,0.076,20332620.0,12676227.219643844,7656392.780356156,0.3765571175950839,20857249.46280769
2026-02-07,Kano,Product E,Salesperson 5,SME,486,60000,0.067,27206280.0,17046046.38983026,10160233.610169739,0.3734517769489154,26903179.46451555
2026-02-07,Abuja,Product A,Salesperson 8,Corporate,346,15000,0.125,4541250.0,2835992.355975799,1705257.6440242012,0.3755040229065128,4478565.9099381035
2026-02-08,Lagos,Product C,Salesperson 5,Corporate,468,30000,0.104,12579840.0,7440943.647213585,5138896.352786415,0.4085025209212848,12153675.506962886
2026-02-08,Port Harcourt,Product E,Salesperson 1,Corporate,474,60000,0.141,24429960.0,14394669.636085102,10035290.363914898,0.41077801043943163,23563662.42739248
2026-02-09,Kano,Product B,Salesperson 7,Retail,154,22000,0.074,3137288.0,2124848.6794457776,1012439.3205542224,0.32271162881897436,3015553.0051441966
2026-02-09,Ibadan,Product D,Salesperson 4,SME,139,45000,0.055,5910975.0,4075886.231663754,1835088.7683362458,0.3104544966500866,6757688.742807478
2026-02-09,Abuja,Product E,Salesperson 1,Corporate,368,60000,0.042,21152640.0,14409794.397681288,6742845.602318712,0.31877087693634043,20997753.26812093
2026-02-10,Kano,Product E,Salesperson 5,SME,339,60000,0.054,19241640.0,14085094.570953673,5156545.429046327,0.26798887355996304,19843433.82704743
2026-02-11,Lagos,Product E,Salesperson 7,SME,395,60000,0.052,22467600.0,15863605.957050735,6603994.042949265,0.293934111473823,24306557.859803326
2026-02-11,Kano,Product E,Salesperson 2,Corporate,174,60000,0.054,9876240.0,5753607.1676481,4122632.8323518997,0.41742938935788315,9751488.569573224
2026-02-11,Ibadan,Product C,Salesperson 7,SME,175,30000,0.071,4877250.0,2699611.101007628,2177638.898992372,0.44648908688141314,4555212.681427452
2026-02-12,Lagos,Product B,Salesperson 7,Retail,251,22000,0.142,4737876.0,3507195.5301171253,1230680.4698828747,0.2597536258616466,4301821.747655085
2026-02-12,Port Harcourt,Product C,Salesperson 6,SME,367,30000,0.087,10052130.0,6836234.689088827,3215895.310911173,0.3199217788579309,9967322.707296861
2026-02-13,Port Harcourt,Product C,Salesperson 4,Retail,403,30000,0.142,10373220.0,7073549.593821588,3299670.406178412,0.3180950954649002,9664066.377503775
2026-02-14,Ibadan,Product A,Salesperson 7,SME,222,15000,0.077,3073590.0,1968261.4946070479,1105328.5053929521,0.35962132405198877,3505653.414892361
2026-02-14,Abuja,Product B,Salesperson 3,Retail,154,22000,0.004,3374448.0,2517116.2906943806,857331.7093056194,0.2540657640318118,3181270.0089174705
2026-02-14,Port Harcourt,Product E,Salesperson 3,SME,427,60000,0.101,23032380.0,13400086.208737561,9632293.791262439,0.4182066200393723,22581734.3829418
2026-02-15,Lagos,Product E,Salesperson 7,SME,373,60000,0.013,22089060.0,16917414.541249357,5171645.458750643,0.23412700489521251,24401442.14885806
2026-02-15,Ibadan,Product C,Salesperson 8,SME,20,30000,0.115,531000.0,325136.1434351404,205863.85656485963,0.38769087865321966,598554.8077113036
2026-02-15,Port Harcourt,Product D,Salesperson 7,SME,286,45000,0.122,11299860.0,7504207.194992473,3795652.8050075267,0.3359026399448778,11777679.016578343
2026-02-16,Ibadan,Product D,Salesperson 3,Retail,223,45000,0.058,9452970.0,5570798.998625944,3882171.0013740556,0.4106826744794552,10319388.263803614
2026-02-17,Ibadan,Product A,Salesperson 6,Corporate,120,15000,0.136,1555200.0,1005148.4158596839,550051.5841403161,0.3536854321889893,1482885.9656020023
2026-02-18,Port Harcourt,Product A,Salesperson 7,SME,134,15000,0.066,1877339.9999999998,1136989.0581170043,740350.9418829954,0.3943616723038957,2032851.850248779
2026-02-18,Lagos,Product E,Salesperson 6,Corporate,446,60000,0.029,25983960.0,15311694.526195602,10672265.473804398,0.41072513480641126,23763421.17897354
2026-02-18,Kano,Product D,Salesperson 3,Retail,97,45000,0.047,4159845.0,2306746.9487703084,1853098.0512296916,0.4454728604622748,4288459.503693445
2026-02-19,Lagos,Product C,Salesperson 2,Corporate,397,30000,0.131,10349790.0,7173095.631335561,3176694.368664439,0.3069332197720378,10954680.991418585
2026-02-19,Kano,Product B,Salesperson 8,Retail,109,22000,0.14,2062280.0,1323061.123472133,739218.876527867,0.35844738664384423,2249995.4281198066
2026-02-19,Ibadan,Product D,Salesperson 3,Retail,414,45000,0.098,16804260.0,10623075.99068982,6181184.00931018,0.36783434732086867,16062748.141319212
2026-02-20,Abuja,Product C,Salesperson 6,SME,150,30000,0.012,4446000.0,3389447.611166665,1056552.3888333351,0.23764111309791613,4268300.738631865
2026-02-20,Kano,Product D,Salesperson 2,Corporate,326,45000,0.054,13877820.0,10253451.722492373,3624368.2775076274,0.26116265216782086,14927771.127170123
2026-02-20,Kano,Product C,Salesperson 8,SME,491,30000,0.005,14656350.0,11279038.31672655,3377311.6832734495,0.2304333400385123,13798506.230281938
2026-02-21,Lagos,Product B,Salesperson 7,Retail,388,22000,0.134,7392176.0,5537606.664078044,1854569.3359219562,0.25088273546543755,6687066.674473944
2026-02-22,Kano,Product E,Salesperson 2,Corporate,290,60000,0.05,16530000.0,10480121.930121481,6049878.069878519,0.36599383362846455,15961717.00911584
2026-02-22,Ibadan,Product A,Salesperson 5,Retail,464,15000,0.064,6514560.0,4851441.653200849,1663118.346799151,0.25529250583295743,5881270.80707954
2026-02-22,Ibadan,Product D,Salesperson 3,SME,154,45000,0.132,6015240.0,4306597.299274632,1708642.7007253682,0.28405229063601256,6792677.812561514
2026-02-22,Ibadan,Product A,Salesperson 7,SME,192,15000,0.071,2675520.0,2075876.5636600566,599643.4363399434,0.22412220291380497,2796332.9453914366
2026-02-23,Abuja,Product A,Salesperson 8,Corporate,200,15000,0.101,2697000.0,1664042.424329047,1032957.5756709529,0.38300243814273377,2567374.9473284693
2026-02-23,Port Harcourt,Product E,Salesperson 8,Retail,296,60000,0.007,17635680.0,11387886.185062272,6247793.8149377275,0.35427008286256767,18787898.836854756
2026-02-23,Port Harcourt,Product D,Salesperson 6,SME,444,45000,0.068,18621360.0,12509275.109941714,6112084.8900582865,0.3282297796755063,18611484.103426892
2026-02-24,Port Harcourt,Product D,Salesperson 4,SME,320,45000,0.089,13118400.0,8857037.659583773,4261362.340416227,0.3248385733333506,14034698.883613512
2026-02-24,Ibadan,Product D,Salesperson 1,SME,394,45000,0.111,15761970.0,10354281.691912508,5407688.308087492,0.3430845451480679,15368040.85855795
2026-02-24,Ibadan,Product B,Salesperson 1,Retail,322,22000,0.113,6283508.0,4096065.1580205197,2187442.8419794803,0.3481244620010797,6351174.992298697
2026-02-24,Ibadan,Product E,Salesperson 4,SME,245,60000,0.08,13524000.0,7605958.377578188,5918041.622421812,0.43759550594659957,13247350.383348925
2026-02-24,Lagos,Product E,Salesperson 3,SME,353,60000,0.02,20756400.0,13732736.555624008,7023663.444375992,0.33838543506465435,19449441.734735213
2026-02-26,Kano,Product E,Salesperson 1,SME,170,60000,0.006,10138800.0,7177556.60182944,2961243.3981705597,0.29207040262857137,9780353.426369816
2026-02-26,Kano,Product A,Salesperson 1,Retail,54,15000,0.11,720900.0,406693.08164499747,314206.91835500253,0.43585368061451313,715180.1613046655
2026-02-26,Abuja,Product C,Salesperson 4,Corporate,165,30000,0.096,4474800.0,2937004.2509531626,1537795.7490468374,0.3436568671330199,4803408.390853819
2026-02-26,Port Harcourt,Product C,Salesperson 5,Retail,271,30000,0.09,7398300.0,4991393.8183175055,2406906.1816824945,0.32533233062764344,7867777.555346577
2026-02-26,Ibadan,Product D,Salesperson 6,SME,312,45000,0.049,13352040.0,8943030.623928424,4409009.376071576,0.33021241518686106,12750807.618473029
2026-02-28,Ibadan,Product C,Salesperson 6,Retail,234,30000,0.019,6886620.0,4181302.3817139356,2705317.6182860644,0.39283677889676855,7158236.486324974
2026-02-28,Ibadan,Product E,Salesperson 7,SME,334,60000,0.091,18216360.0,13275709.62465348,4940650.375346521,0.2712205059268987,20728306.371417012
2026-03-01,Lagos,Product C,Salesperson 5,SME,435,30000,0.087,11914650.0,8010902.061745544,3903747.938254456,0.32764268679772013,12176951.485224584
2026-03-01,Kano,Product E,Salesperson 8,Corporate,55,60000,0.106,2950200.0,1973239.1763499011,976960.8236500989,0.3311507096637851,2772659.2041970934
2026-03-02,Kano,Product D,Salesperson 7,Retail,155,45000,0.088,6361200.0,4585464.311252779,1775735.6887472207,0.27915105463548084,6160571.758123552
2026-03-02,Lagos,Product E,Salesperson 2,SME,80,60000,0.079,4420800.0,2691995.9065316273,1728804.0934683727,0.3910613675055132,4927811.891657773
2026-03-03,Abuja,Product B,Salesperson 5,SME,433,22000,0.02,9335480.0,5607031.547650001,3728448.452349999,0.39938476139952084,10654190.353760771
2026-03-04,Ibadan,Product D,Salesperson 3,SME,43,45000,0.11,1722150.0,1231760.6251028257,490389.3748971743,0.2847541589856716,1739925.9473979806
2026-03-04,Kano,Product B,Salesperson 3,SME,115,22000,0.035,2441450.0,1344886.2141579778,1096563.7858420222,0.4491444780118463,2713031.02464805
2026-03-05,Lagos,Product D,Salesperson 7,SME,295,45000,0.045,12677625.0,7554059.058790209,5123565.941209791,0.4041424116275557,12839505.821267158
2026-03-05,Lagos,Product D,Salesperson 1,SME,222,45000,0.03,9690300.0,5579824.421781621,4110475.578218379,0.4241845534419346,10399178.012705563
2026-03-06,Kano,Product A,Salesperson 6,Retail,37,15000,0.146,473970.0,272208.8620787354,201761.13792126463,0.42568335110083894,464961.7388067431
2026-03-06,Ibadan,Product A,Salesperson 3,SME,390,15000,0.054,5534100.0,3991518.580593699,1542581.4194063009,0.2787411538292226,5719432.231598155
2026-03-07,Port Harcourt,Product A,Salesperson 1,Retail,205,15000,0.005,3059625.0,1736335.6183898805,1323289.3816101195,0.4325005128439333,3204354.2298421813
2026-03-08,Lagos,Product D,Salesperson 1,Corporate,333,45000,0.118,13216770.0,7286341.886039492,5930428.113960508,0.4487047980679476,12019935.199706774
2026-03-08,Ibadan,Product D,Salesperson 5,SME,222,45000,0.02,9790200.0,7249907.175845925,2540292.8241540752,0.25947302651162135,9232402.99435317
2026-03-11,Lagos,Product E,Salesperson 5,SME,128,60000,0.084,7034880.0,4561728.899880839,2473151.1001191614,0.3515555489388819,7440090.716638033
2026-03-11,Ibadan,Product E,Salesperson 4,Corporate,225,60000,0.106,12069000.0,6663633.799454149,5405366.200545851,0.4478719198397424,11061747.575625302
2026-03-11,Ibadan,Product E,Salesperson 7,Retail,198,60000,0.059,11179080.0,7356555.132222979,3822524.8677770207,0.34193554995375475,12830233.905557027
2026-03-11,Abuja,Product A,Salesperson 8,Retail,108,15000,0.051,1537380.0,952859.2683582181,584520.7316417819,0.38020576021659047,1486129.9741651674
2026-03-11,Kano,Product E,Salesperson 1,Corporate,122,60000,0.045,6990600.0,4976644.901366165,2013955.098633835,0.2880947413145989,7211926.351849811
2026-03-11,Port Harcourt,Product B,Salesperson 4,Corporate,398,22000,0.042,8388248.0,5364546.9071351625,3023701.0928648375,0.3604687287339189,8505570.6202204
2026-03-12,Kano,Product C,Salesperson 6,Retail,300,30000,0.095,8145000.0,4776743.712525832,3368256.2874741685,0.4135366835450176,7646000.210394372
2026-03-12,Abuja,Product A,Salesperson 3,SME,25,15000,0.126,327750.0,224211.90319095762,103538.09680904238,0.3159057110878486,304494.5622525368
2026-03-13,Abuja,Product B,Salesperson 6,SME,102,22000,0.146,1916376.0,1331126.1126599836,585249.8873400164,0.3053940809841161,2007686.3614846095
2026-03-13,Ibadan,Product D,Salesperson 5,Retail,48,45000,0.076,1995840.0,1202537.0918706236,793302.9081293764,0.397478208738865,2224509.044787578
2026-03-13,Abuja,Product D,Salesperson 6,Corporate,308,45000,0.047,13208580.0,8097919.205417523,5110660.794582477,0.38691977446345305,15177138.030554188
2026-03-14,Port Harcourt,Product C,Salesperson 6,SME,478,30000,0.103,12862980.0,8266583.274667117,4596396.725332883,0.3573352928584887,12772922.288818197
2026-03-14,Kano,Product C,Salesperson 6,Retail,279,30000,0.015,8244450.0,5660065.764227086,2584384.2357729143,0.3134695747773247,8087000.522568931
2026-03-15,Kano,Product D,Salesperson 8,Retail,269,45000,0.112,10749240.0,8004148.419378884,2745091.580621116,0.25537541078449416,10373584.611167429
2026-03-16,Port Harcourt,Product C,Salesperson 8,SME,415,30000,0.048,11852400.0,8126739.230631284,3725660.7693687156,0.3143380892788562,13222550.336279653
2026-03-16,Abuja,Product E,Salesperson 1,SME,295,60000,0.047,16868100.0,9972611.753995903,6895488.246004097,0.4087886748361758,17206587.632205095
2026-03-16,Ibadan,Product C,Salesperson 5,SME,142,30000,0.024,4157760.0,3132121.6372557078,1025638.3627442922,0.24668051131962698,3998328.013841594
2026-03-17,Ibadan,Product A,Salesperson 7,SME,58,15000,0.022,850860.0,565264.9080298832,285595.09197011683,0.3356546223469394,941678.4618707666
2026-03-17,Abuja,Product A,Salesperson 4,SME,321,15000,0.107,4299795.0,3119740.3142142063,1180054.6857857937,0.2744444062532734,4839245.470961078
2026-03-17,Abuja,Product B,Salesperson 6,Corporate,215,22000,0.074,4379980.0,2438200.1868590103,1941779.8131409897,0.44333074880273193,4059018.7613034244
2026-03-18,Port Harcourt,Product D,Salesperson 6,SME,398,45000,0.031,17354790.0,11306233.569635017,6048556.430364983,0.3485237464910254,17195961.042030968
2026-03-18,Abuja,Product A,Salesperson 7,Retail,366,15000,0.026,5347260.0,3297037.681475217,2050222.318524783,0.3834154910224644,5255305.595595408
2026-03-18,Ibadan,Product D,Salesperson 4,SME,304,45000,0.125,11970000.0,7356117.814958035,4613882.185041965,0.38545381662840145,11300140.58316481
2026-03-19,Kano,Product A,Salesperson 5,Corporate,197,15000,0.039,2839755.0,1756170.698327257,1083584.301672743,0.3815766859016862,2863239.918395042
2026-03-19,Abuja,Product C,Salesperson 3,SME,388,30000,0.07,10825200.0,6738166.343534399,4087033.656465601,0.377548096706352,11321498.160548585
2026-03-19,Port Harcourt,Product E,Salesperson 8,SME,448,60000,0.004,26772480.0,16794859.35487746,9977620.64512254,0.3726819721266965,24134077.321318068
2026-03-20,Lagos,Product D,Salesperson 6,SME,249,45000,0.109,9983655.0,6486944.247310029,3496710.7526899707,0.35024354834877314,10366854.847812667
2026-03-21,Kano,Product B,Salesperson 4,Corporate,324,22000,0.114,6315408.0,4883682.684650869,1431725.315349131,0.22670353449042896,6650619.412292333
2026-03-21,Kano,Product C,Salesperson 4,SME,385,30000,0.0,11550000.0,8739734.31303188,2810265.68696812,0.2433130464907463,13115990.854124917
2026-03-21,Kano,Product D,Salesperson 4,Retail,195,45000,0.066,8195849.999999999,5595489.305057079,2600360.6949429205,0.3172777314058848,8822004.313409913
2026-03-22,Ibadan,Product D,Salesperson 5,Retail,383,45000,0.017,16942005.0,12337560.916238721,4604444.083761279,0.27177681058182185,15633285.12181566
2026-03-22,Port Harcourt,Product B,Salesperson 5,SME,285,22000,0.027,6100710.0,4518867.942654401,1581842.057345599,0.2592881906115188,5616059.2592004845
2026-03-23,Lagos,Product C,Salesperson 5,Corporate,56,30000,0.106,1501920.0,1124495.3676262586,377424.63237374136,0.25129476428421044,1620606.7808053307
2026-03-23,Kano,Product D,Salesperson 5,Corporate,117,45000,0.089,4796415.0,2986249.5819903575,1810165.4180096425,0.3773996657940655,5334971.162808953
2026-03-24,Lagos,Product B,Salesperson 6,Corporate,46,22000,0.08,931040.0,568374.3880485499,362665.6119514501,0.38952742304460614,947459.9808692466
2026-03-24,Kano,Product B,Salesperson 4,SME,378,22000,0.039,7991676.0,5335542.858843653,2656133.1411563465,0.332362465790198,9080776.625152312
2026-03-25,Abuja,Product E,Salesperson 2,Corporate,55,60000,0.004,3286800.0,1998132.0752123117,1288667.9247876883,0.3920737266604869,3340104.4433078244
2026-03-25,Kano,Product B,Salesperson 4,Retail,179,22000,0.013,3886806.0,2534470.4560908936,1352335.5439091064,0.3479297767650627,3904553.234809154
2026-03-26,Kano,Product B,Salesperson 7,Retail,411,22000,0.125,7911750.0,5936918.065353556,1974831.9346464444,0.24960747428147304,8509870.670186054
2026-03-26,Ibadan,Product B,Salesperson 2,Corporate,16,22000,0.103,315744.0,232513.74586854683,83230.25413145317,0.26360042987817084,354694.45338294085
2026-03-26,Port Harcourt,Product B,Salesperson 4,Corporate,246,22000,0.069,5038572.0,3119635.871199429,1918936.128800571,0.3808492026710288,4636467.77130232
2026-03-26,Kano,Product B,Salesperson 5,Retail,346,22000,0.055,7193340.0,3975603.1159200687,3217736.8840799313,0.44732167311428783,8113105.635302957
2026-03-27,Lagos,Product B,Salesperson 7,SME,130,22000,0.029,2777060.0,1720171.9815772215,1056888.0184227785,0.3805780279946341,2667581.7731435816
2026-03-28,Abuja,Product D,Salesperson 4,Corporate,173,45000,0.087,7107705.0,4271341.4991316125,2836363.5008683875,0.3990547583036138,7008975.936213691
2026-03-29,Ibadan,Product B,Salesperson 7,Retail,80,22000,0.015,1733600.0,1052881.0363166388,680718.9636833612,0.39266206949893934,1719658.4860207026
2026-03-29,Kano,Product C,Salesperson 4,Retail,346,30000,0.139,8937180.0,6247876.282197228,2689303.7178027723,0.30091188918683215,10062744.673307717
2026-03-29,Ibadan,Product D,Salesperson 4,Retail,333,45000,0.115,13261725.0,9091950.677814912,4169774.322185088,0.31442171528855317,14464077.713374093
2026-03-29,Abuja,Product C,Salesperson 3,Corporate,102,30000,0.133,2653020.0,1859072.289243322,793947.7107566779,0.2992618641234057,2499238.4159251205
2026-03-30,Abuja,Product D,Salesperson 8,Corporate,394,45000,0.106,15850620.0,9248751.332952648,6601868.667047352,0.41650539013914606,14425166.462954197
2026-03-31,Port Harcourt,Product C,Salesperson 4,Retail,346,30000,0.088,9466560.0,6074269.9741327595,3392290.0258672405,0.35834453337508454,10861299.729939269
2026-03-31,Ibadan,Product E,Salesperson 6,Corporate,21,60000,0.045,1203300.0,692917.9997582948,510382.0002417052,0.42415191576639677,1233674.0902316938
2026-03-31,Ibadan,Product C,Salesperson 8,Retail,451,30000,0.11,12041700.0,6813347.018146233,5228352.981853767,0.43418728101960413,13778628.08712326
2026-03-31,Kano,Product A,Salesperson 1,Retail,208,15000,0.058,2939040.0,1702443.83854188,1236596.16145812,0.42074832648011595,2937535.9875744916
2026-03-31,Kano,Product E,Salesperson 7,SME,294,60000,0.008,17498880.0,10466713.327631362,7032166.672368638,0.4018638148480725,17461606.205886826
2026-04-01,Lagos,Product D,Salesperson 8,Retail,125,45000,0.007,5585625.0,3397946.651520901,2187678.348479099,0.39166223090148355,6241804.58299653
2026-04-01,Port Harcourt,Product C,Salesperson 4,Retail,248,30000,0.032,7201920.0,4529288.361826183,2672631.6381738167,0.37109987866760763,7763783.948978784
2026-04-01,Abuja,Product A,Salesperson 5,Retail,200,15000,0.036,2892000.0,1902328.3228645157,989671.6771354843,0.34221012349083135,2943412.7866633763
2026-04-02,Ibadan,Product C,Salesperson 1,Retail,246,30000,0.1,6642000.0,3881560.511986702,2760439.488013298,0.4156036567319027,6243603.052160717
2026-04-02,Port Harcourt,Product D,Salesperson 5,SME,241,45000,0.073,10053315.0,5723100.460229335,4330214.539770665,0.430725043408136,11405455.369410483
2026-04-03,Kano,Product D,Salesperson 2,SME,293,45000,0.09,11998350.0,9321220.84689276,2677129.153107241,0.22312477574893555,11260373.874902967
2026-04-03,Ibadan,Product A,Salesperson 3,Retail,366,15000,0.099,4946490.0,3642920.4913488133,1303569.5086511867,0.2635342452226097,5435310.853554754
2026-04-04,Kano,Product B,Salesperson 7,Corporate,335,22000,0.027,7171010.0,4814527.251459652,2356482.7485403484,0.3286123919141583,7801837.016783477
2026-04-04,Port Harcourt,Product C,Salesperson 3,Corporate,67,30000,0.035,1939650.0,1238773.3775930288,700876.6224069712,0.36134180001906074,2158482.3857314484
2026-04-04,Abuja,Product B,Salesperson 1,Retail,143,22000,0.087,2872298.0,1988261.1180378322,884036.8819621678,0.3077803493795448,3239088.95457746
2026-04-04,Kano,Product A,Salesperson 4,SME,250,15000,0.105,3356250.0,2375769.6223658295,980480.3776341705,0.2921356804869037,3464575.7105213366
2026-04-04,Abuja,Product E,Salesperson 6,Retail,450,60000,0.003,26919000.0,18967678.598410293,7951321.401589707,0.29537952381550975,28741147.256113198
2026-04-05,Abuja,Product A,Salesperson 6,Corporate,322,15000,0.003,4815510.0,3169446.035898883,1646063.964101117,0.3418254689744424,5071106.783630955
2026-04-05,Port Harcourt,Product C,Salesperson 6,SME,89,30000,0.112,2370960.0,1701278.358808768,669681.641191232,0.2824516825215238,2404103.612510488
2026-04-05,Abuja,Product D,Salesperson 2,Retail,463,45000,0.031,20189115.0,11896553.314921027,8292561.685078973,0.4107441898804862,21025709.347889993
2026-04-05,Ibadan,Product E,Salesperson 2,Corporate,123,60000,0.059,6944580.0,5348261.563250209,1596318.4367497908,0.22986536791998807,7890493.347584688
2026-04-05,Ibadan,Product B,Salesperson 6,Corporate,262,22000,0.042,5521912.0,3527850.0206697714,1994061.9793302286,0.36111802928591197,4994787.472045329
2026-04-06,Port Harcourt,Product A,Salesperson 7,Corporate,253,15000,0.019,3722895.0,2263938.950317745,1458956.049682255,0.391887509500605,3876889.169493866
2026-04-06,Ibadan,Product A,Salesperson 1,SME,102,15000,0.065,1430550.0,979323.0321690387,451226.96783096134,0.3154220179867613,1569521.411018981
2026-04-06,Kano,Product B,Salesperson 7,SME,301,22000,0.037,6376986.0,4890970.845980269,1486015.154019731,0.2330278212967272,6523355.879272947
2026-04-07,Ibadan,Product C,Salesperson 2,SME,199,30000,0.102,5361060.0,3063610.4313496384,2297449.5686503616,0.42854390151394717,5909862.61128523
2026-04-07,Ibadan,Product A,Salesperson 3,SME,38,15000,0.102,511860.0,326492.67039625265,185367.32960374735,0.36214458954352235,557505.7438224142
2026-04-07,Lagos,Product B,Salesperson 5,Corporate,347,22000,0.032,7389712.0,4451963.163370213,2937748.8366297875,0.3975457821129954,7768325.396644303
2026-04-08,Ibadan,Product B,Salesperson 1,Retail,115,22000,0.1,2277000.0,1433609.8230701482,843390.1769298518,0.3703953346200491,2562566.1903862073
2026-04-08,Lagos,Product A,Salesperson 4,SME,407,15000,0.015,6013425.0,3917125.0559037193,2096299.9440962807,0.3486033240784213,6833039.434826292
2026-04-09,Port Harcourt,Product C,Salesperson 3,Retail,252,30000,0.088,6894720.0,5040662.4659846965,1854057.5340153035,0.26890976486576734,7748124.699166444
2026-04-11,Port Harcourt,Product D,Salesperson 7,Corporate,48,45000,0.0,2160000.0,1420404.2383001503,739595.7616998497,0.3424054452314119,2407885.018041594
2026-04-11,Lagos,Product A,Salesperson 6,SME,29,15000,0.021,425865.0,297764.7482863162,128100.25171368383,0.3008001402174018,457237.594031202
2026-04-12,Kano,Product E,Salesperson 5,SME,282,60000,0.046,16141680.0,11712893.881513003,4428786.118486997,0.2743695896887435,14547792.016790448
2026-04-12,Kano,Product D,Salesperson 4,Retail,174,45000,0.029,7602930.0,4781608.648243446,2821321.351756554,0.3710834312240878,8413153.626891177
2026-04-12,Port Harcourt,Product C,Salesperson 7,SME,225,30000,0.134,5845500.0,4389595.097348562,1455904.9026514376,0.2490642207940189,5671425.793179163
2026-04-13,Ibadan,Product D,Salesperson 3,Corporate,387,45000,0.022,17031870.0,11024043.647146275,6007826.352853725,0.35274026591640995,16592448.627104066
2026-04-14,Abuja,Product D,Salesperson 6,Corporate,112,45000,0.021,4934160.0,2852902.328727641,2081257.6712723589,0.42180587400334785,5492170.752928701
2026-04-14,Ibadan,Product B,Salesperson 8,SME,199,22000,0.045,4180990.0,3235873.8281440865,945116.1718559135,0.2260508089844543,4414856.022752781
2026-04-14,Lagos,Product B,Salesperson 3,Corporate,127,22000,0.098,2520188.0,1713644.6033326127,806543.3966673873,0.3200330279595758,2350515.242679363
2026-04-15,Port Harcourt,Product A,Salesperson 5,SME,230,15000,0.117,3046350.0,1953814.1394796413,1092535.8605203587,0.3586376681997665,3467563.307173012
2026-04-15,Ibadan,Product B,Salesperson 2,Retail,372,22000,0.098,7381968.0,5543284.539122972,1838683.4608770283,0.24907767967526115,7965464.360532076
2026-04-16,Abuja,Product A,Salesperson 1,Corporate,300,15000,0.127,3928500.0,2716925.5017450224,1211574.4982549776,0.3084063887628809,4387845.224673358
2026-04-16,Port Harcourt,Product D,Salesperson 7,Retail,16,45000,0.066,672480.0,481010.72801404883,191469.27198595117,0.284721139641255,749470.8810610408
2026-04-16,Kano,Product B,Salesperson 8,SME,158,22000,0.016,3420384.0,1990529.3344076292,1429854.6655923708,0.4180392217927492,3154079.891165131
2026-04-17,Port Harcourt,Product B,Salesperson 8,Retail,357,22000,0.075,7264950.0,5066309.881840367,2198640.118159633,0.302636648312739,8126764.310796718
2026-04-17,Lagos,Product A,Salesperson 2,Retail,87,15000,0.052,1237140.0,728839.789604037,508300.21039596305,0.41086716975925364,1236363.0737364325
2026-04-18,Ibadan,Product C,Salesperson 2,SME,448,30000,0.125,11760000.0,8989235.814369276,2770764.185630724,0.2356091994583949,13258881.504046258
2026-04-18,Abuja,Product B,Salesperson 4,Corporate,76,22000,0.097,1509816.0,1109684.6625835823,400131.33741641766,0.2650199344929565,1443722.598910165
2026-04-18,Kano,Product B,Salesperson 7,Corporate,289,22000,0.065,5944730.0,3799786.974450352,2144943.025549648,0.3608142044381575,6550157.5617281515
2026-04-19,Kano,Product E,Salesperson 2,Retail,293,60000,0.055,16613100.0,12682725.369410995,3930374.6305890046,0.23658285513173366,17116758.33026365
2026-04-19,Abuja,Product B,Salesperson 3,SME,253,22000,0.018,5465812.0,3899027.507632401,1566784.4923675992,0.28665173488725904,5956087.332680737
2026-04-19,Kano,Product E,Salesperson 3,SME,417,60000,0.11,22267800.0,15770427.575293757,6497372.424706243,0.2917833115398128,25208356.490530375
2026-04-19,Lagos,Product E,Salesperson 6,SME,411,60000,0.14,21207600.0,14491012.365548583,6716587.634451417,0.3167066350955043,20536924.844342522
2026-04-19,Port Harcourt,Product C,Salesperson 4,Corporate,67,30000,0.015,1979850.0,1116272.7483445508,863577.2516554492,0.436183171278354,1873102.1053235675
2026-04-20,Kano,Product B,Salesperson 4,Corporate,28,22000,0.138,530992.0,403279.309000508,127712.69099949201,0.24051716598271164,503834.75753106753
2026-04-20,Lagos,Product C,Salesperson 6,SME,271,30000,0.137,7016190.0,4658854.787656452,2357335.2123435484,0.3359850876819967,6474618.785777626
2026-04-20,Ibadan,Product A,Salesperson 2,Retail,266,15000,0.14,3431400.0,2275183.840339446,1156216.159660554,0.33695172805867984,3665928.8802857436
2026-04-21,Lagos,Product B,Salesperson 3,SME,181,22000,0.119,3508142.0,2636638.198045867,871503.801954133,0.24842318297096666,3706227.8322035884
2026-04-21,Kano,Product E,Salesperson 8,Corporate,424,60000,0.1,22896000.0,15952576.07690758,6943423.923092419,0.30325925590026287,22147703.908723008
2026-04-21,Ibadan,Product D,Salesperson 6,SME,310,45000,0.022,13643100.0,9370908.661338754,4272191.338661246,0.31313934066753496,12906512.56054312
2026-04-21,Port Harcourt,Product D,Salesperson 4,Corporate,322,45000,0.086,13243860.0,8082542.126282105,5161317.873717895,0.3897140164361368,14808176.811215706
2026-04-21,Lagos,Product E,Salesperson 1,Retail,368,60000,0.031,21395520.0,12262242.83899962,9133277.16100038,0.4268780175008778,21857711.90141144
2026-04-21,Lagos,Product E,Salesperson 7,Corporate,475,60000,0.108,25422000.0,15672942.600993857,9749057.399006143,0.38348900161301797,26676253.482364748
2026-04-22,Ibadan,Product C,Salesperson 8,SME,464,30000,0.099,12541920.0,7785530.663439723,4756389.336560277,0.37923932990804254,11335908.57185371
2026-04-22,Kano,Product A,Salesperson 8,SME,145,15000,0.132,1887900.0,1316352.8315378327,571547.1684621673,0.3027422895609764,1849961.7647866718
2026-04-22,Abuja,Product D,Salesperson 3,SME,118,45000,0.026,5171940.0,2901614.938381036,2270325.061618964,0.43896972153949276,5868171.32156581
2026-04-22,Kano,Product A,Salesperson 5,Retail,471,15000,0.1,6358500.0,4384171.836485068,1974328.1635149317,0.3105021881756596,6624226.623624327
2026-04-22,Abuja,Product E,Salesperson 7,SME,320,60000,0.123,16838400.0,12448027.24330526,4390372.75669474,0.2607357442924945,18790067.384672634
2026-04-22,Port Harcourt,Product B,Salesperson 8,SME,336,22000,0.063,6926304.0,4625379.507326882,2300924.4926731177,0.332200910135206,7372174.828780405
2026-04-23,Lagos,Product C,Salesperson 7,SME,185,30000,0.074,5139300.0,3371021.983012881,1768278.0169871189,0.34406981826068117,4902812.80298017
2026-04-23,Abuja,Product D,Salesperson 8,Retail,336,45000,0.03,14666400.0,9439995.927418796,5226404.072581204,0.35635221135256123,16307867.880448263
2026-04-23,Abuja,Product D,Salesperson 7,Retail,287,45000,0.104,11571840.0,7741587.536579072,3830252.4634209285,0.33099770334025774,11334441.76326865
2026-04-26,Ibadan,Product C,Salesperson 3,Corporate,125,30000,0.035,3618750.0,2423548.2466565035,1195201.7533434965,0.3302802772624515,3475091.7539212895
2026-04-26,Ibadan,Product B,Salesperson 8,SME,489,22000,0.017,10575114.0,7219636.720750668,3355477.279249332,0.3172993954721748,12144918.562976148
2026-04-27,Kano,Product D,Salesperson 5,Retail,164,45000,0.097,6664140.0,5008449.16527873,1655690.83472127,0.24844778691943298,6164715.817157429
2026-04-27,Lagos,Product E,Salesperson 5,Retail,210,60000,0.091,11453400.0,8131129.186326452,3322270.8136735484,0.2900685223316699,11133132.839423714
2026-04-29,Port Harcourt,Product A,Salesperson 3,Retail,448,15000,0.014,6625920.0,3995740.4311627545,2630179.5688372455,0.3969531127507192,7338509.480542878
2026-04-29,Port Harcourt,Product D,Salesperson 5,SME,75,45000,0.111,3000375.0,1791928.0104420197,1208446.9895579803,0.4027653175213033,2919582.531735631
2026-04-30,Abuja,Product B,Salesperson 7,Retail,153,22000,0.092,3056328.0,1949479.8673394956,1106848.1326605044,0.3621496556195881,3334641.522472128
2026-04-30,Ibadan,Product E,Salesperson 8,SME,368,60000,0.122,19386240.0,14443398.034745784,4942841.9652542155,0.2549665105381041,22033958.858547404
2026-04-30,Lagos,Product D,Salesperson 8,Retail,315,45000,0.099,12771675.0,7890777.111189599,4880897.888810401,0.3821658387651111,13888001.61951947
2026-04-30,Ibadan,Product C,Salesperson 4,SME,431,30000,0.132,11223240.0,6579030.273939881,4644209.726060119,0.4138029415801604,10116967.84692976
2026-04-30,Kano,Product B,Salesperson 4,Corporate,35,22000,0.058,725340.0,518329.71205245005,207010.28794754995,0.2853975900233683,783168.9907999096
2026-05-03,Kano,Product B,Salesperson 8,SME,243,22000,0.117,4720518.0,2787582.539133458,1932935.460866542,0.409475286582223,4706236.6970225405
2026-05-03,Kano,Product A,Salesperson 4,SME,149,15000,0.107,1995855.0,1359768.4190184812,636086.5809815188,0.3187038041248081,2075340.8594734739
2026-05-04,Port Harcourt,Product A,Salesperson 6,Retail,223,15000,0.118,2950290.0,2020199.241407471,930090.758592529,0.3152540118403713,3335270.1190060875
2026-05-04,Abuja,Product A,Salesperson 2,Corporate,301,15000,0.018,4433730.0,2708179.8716077097,1725550.1283922903,0.3891870114761815,4539221.285922953
2026-05-04,Lagos,Product B,Salesperson 6,Corporate,330,22000,0.145,6207300.0,3440462.14920409,2766837.85079591,0.4457393473484301,6983186.548642216
2026-05-05,Ibadan,Product E,Salesperson 3,Retail,136,60000,0.069,7596960.0,4565343.855117288,3031616.1448827116,0.39905648376228275,7278524.962240732
2026-05-05,Lagos,Product B,Salesperson 3,SME,395,22000,0.018,8533580.0,5275118.305038515,3258461.6949614855,0.3818399423174665,8089923.428848811
2026-05-05,Abuja,Product A,Salesperson 4,Retail,109,15000,0.02,1602300.0,1089510.5233952296,512789.4766047704,0.32003337490156053,1574615.0951529415
2026-05-05,Port Harcourt,Product A,Salesperson 6,Corporate,335,15000,0.007,4989825.0,3860955.481701085,1128869.5182989151,0.22623429044083013,4496298.85153633
2026-05-05,Abuja,Product A,Salesperson 3,Corporate,84,15000,0.093,1142820.0,817886.8701443064,324933.12985569355,0.28432572920993116,1294605.531781699
2026-05-06,Abuja,Product E,Salesperson 2,SME,52,60000,0.082,2864160.0,1737795.6805751806,1126364.3194248194,0.3932616611588806,2795498.9296577647
2026-05-06,Kano,Product B,Salesperson 2,SME,269,22000,0.004,5894328.0,3789730.277844222,2104597.722155778,0.3570547350191198,6360168.000708992
2026-05-07,Abuja,Product B,Salesperson 4,SME,145,22000,0.016,3138960.0,1827974.1973158093,1310985.8026841907,0.4176497319762567,3073509.8184533403
2026-05-07,Abuja,Product E,Salesperson 5,Retail,101,60000,0.065,5666100.0,3622171.195561374,2043928.804438626,0.3607293913694827,5225460.89222056
2026-05-07,Port Harcourt,Product D,Salesperson 5,SME,171,45000,0.019,7548795.0,4594580.418305828,2954214.5816941718,0.39134915992475244,7406784.443304642
2026-05-08,Kano,Product D,Salesperson 8,Retail,337,45000,0.048,14437080.0,8601452.47368292,5835627.5263170805,0.40421106804956963,15964618.20163761
2026-05-08,Port Harcourt,Product B,Salesperson 7,Corporate,59,22000,0.134,1124068.0,840431.8699110051,283636.13008899486,0.25233004594828323,1257532.3380090462
2026-05-08,Ibadan,Product D,Salesperson 3,SME,453,45000,0.065,19059975.0,13072729.016833669,5987245.983166331,0.31412664408879504,18462312.867523644
2026-05-08,Lagos,Product B,Salesperson 6,Corporate,360,22000,0.138,6827040.0,5213638.431953527,1613401.568046473,0.2363251962851357,6681599.511135155
2026-05-09,Abuja,Product E,Salesperson 5,SME,150,60000,0.03,8730000.0,6198351.17997008,2531648.82002992,0.2899941374604719,8356666.648624339
2026-05-10,Kano,Product C,Salesperson 5,SME,479,30000,0.05,13651500.0,8743391.943977967,4908108.056022033,0.35952884708801475,12991950.458580717
2026-05-11,Abuja,Product D,Salesperson 7,Corporate,375,45000,0.125,14765625.0,9529955.113842728,5235669.886157272,0.3545850504910745,16640988.117723657
2026-05-12,Lagos,Product C,Salesperson 5,Retail,125,30000,0.14,3225000.0,2013479.1979543262,1211520.8020456738,0.37566536497540276,3081907.591868066
2026-05-12,Abuja,Product A,Salesperson 2,Retail,213,15000,0.107,2853135.0,2023004.74535462,830130.25464538,0.29095372446287326,2792546.179362131
2026-05-12,Ibadan,Product B,Salesperson 6,SME,109,22000,0.121,2107842.0,1623913.869885509,483928.1301144911,0.229584632109281,1951089.451471108
2026-05-12,Ibadan,Product D,Salesperson 7,Retail,202,45000,0.007,9026370.0,5311485.2181125805,3714884.7818874195,0.41155910758005926,9497452.470799912
2026-05-12,Lagos,Product B,Salesperson 3,Retail,124,22000,0.065,2550680.0,1986900.0958707852,563779.9041292148,0.22103121682422525,2760966.1176501475
2026-05-12,Abuja,Product B,Salesperson 4,Corporate,84,22000,0.028,1796256.0,1115734.663608225,680521.3363917749,0.37885542839760866,1766129.2375820589
2026-05-13,Ibadan,Product D,Salesperson 3,Retail,296,45000,0.025,12987000.0,9618087.044406282,3368912.955593718,0.2594065569872733,14522546.290455425
2026-05-13,Abuja,Product C,Salesperson 5,Corporate,88,30000,0.12,2323200.0,1403546.5677169862,919653.4322830138,0.39585633276644877,2575531.008009097
2026-05-14,Abuja,Product E,Salesperson 6,SME,456,60000,0.13,23803200.0,14224138.57562873,9579061.42437127,0.40242746455818,21743617.94647536
2026-05-14,Ibadan,Product E,Salesperson 6,SME,211,60000,0.007,12571380.0,7643098.256854618,4928281.743145382,0.39202392602446046,14018696.223063916
2026-05-15,Kano,Product C,Salesperson 2,Corporate,229,30000,0.065,6423450.0,4076352.534413697,2347097.465586303,0.3653951483371557,7119124.821497556
2026-05-15,Ibadan,Product A,Salesperson 7,SME,473,15000,0.005,7059525.0,4082308.500165405,2977216.499834595,0.4217304280152836,6899770.73634141
2026-05-15,Abuja,Product B,Salesperson 4,Retail,15,22000,0.082,302940.0,202292.84406421974,100647.15593578026,0.33223462050498537,332223.1283050421
2026-05-15,Abuja,Product C,Salesperson 1,Retail,405,30000,0.025,11846250.0,8515104.462899756,3331145.5371002443,0.2811983148338288,11296756.449782837
2026-05-16,Ibadan,Product B,Salesperson 3,Corporate,254,22000,0.023,5459476.0,3032817.277294531,2426658.722705469,0.44448564710339766,6149374.548368902
2026-05-16,Kano,Product C,Salesperson 6,SME,212,30000,0.021,6226440.0,4752606.000501393,1473833.9994986067,0.2367057258238426,6218079.556506428
2026-05-16,Ibadan,Product A,Salesperson 7,Retail,255,15000,0.099,3446325.0,1966679.5594485875,1479645.4405514125,0.4293400769084206,3818025.472393495
2026-05-16,Ibadan,Product A,Salesperson 3,SME,302,15000,0.082,4158540.0,2840105.089458531,1318434.9105414692,0.31704273868748867,4145327.4593439517
2026-05-17,Ibadan,Product A,Salesperson 5,SME,19,15000,0.134,246810.0,179731.34451578156,67078.65548421844,0.27178256749815016,243051.55345734052
2026-05-17,Lagos,Product C,Salesperson 2,SME,449,30000,0.06,12661800.0,7933779.491081608,4728020.508918392,0.3734082443979838,13019715.604603069
2026-05-17,Lagos,Product B,Salesperson 2,SME,409,22000,0.124,7882248.0,6021885.902208597,1860362.0977914026,0.23601922925939436,7515826.836248445
2026-05-18,Lagos,Product E,Salesperson 6,Retail,411,60000,0.093,22366620.0,13962748.264649447,8403871.735350553,0.37573275422708274,24352182.957712516
2026-05-18,Ibadan,Product D,Salesperson 8,Corporate,419,45000,0.08,17346600.0,13379480.442445807,3967119.557554193,0.2286972408168859,18162264.218085773
2026-05-18,Abuja,Product D,Salesperson 5,Retail,110,45000,0.123,4341150.0,3331166.261417622,1009983.7385823778,0.23265349932215607,4087410.365091821
2026-05-18,Port Harcourt,Product D,Salesperson 1,Retail,187,45000,0.122,7388370.0,4405461.772458127,2982908.227541873,0.40373021756380273,8443609.254201353
2026-05-19,Ibadan,Product B,Salesperson 4,SME,55,22000,0.087,1104730.0,806853.9735780027,297876.02642199735,0.26963694877662175,1263944.4543380968
2026-05-19,Kano,Product D,Salesperson 8,Corporate,254,45000,0.106,10218420.0,5927641.506472422,4290778.493527578,0.41990625688977146,10597736.910572642
2026-05-19,Port Harcourt,Product C,Salesperson 7,Corporate,255,30000,0.111,6800850.0,3836732.837050058,2964117.162949942,0.4358451021489876,7784413.5200157855
2026-05-20,Port Harcourt,Product D,Salesperson 2,SME,472,45000,0.135,18372600.0,10483686.805189779,7888913.194810221,0.4293846921399378,16922407.318901133
2026-05-20,Ibadan,Product C,Salesperson 3,Corporate,242,30000,0.007,7209180.0,4799192.320735044,2409987.679264956,0.33429428579463355,6938938.045579056
2026-05-21,Port Harcourt,Product A,Salesperson 6,SME,238,15000,0.08,3284400.0,1993711.1477727045,1290688.8522272955,0.39297553654466433,3451350.6219507796
2026-05-21,Ibadan,Product C,Salesperson 6,Retail,327,30000,0.084,8985960.0,5944645.8919900665,3041314.1080099335,0.33845177454717507,10049806.9109094
2026-05-21,Abuja,Product B,Salesperson 4,Corporate,17,22000,0.034,361284.0,244845.98347637002,116438.01652362998,0.3222894358001738,388887.88633335475
2026-05-21,Kano,Product E,Salesperson 6,Retail,161,60000,0.006,9602040.0,5635159.576251716,3966880.4237482836,0.41312892091141923,9498778.922819262
2026-05-21,Abuja,Product B,Salesperson 7,Retail,446,22000,0.053,9291964.0,5474222.209684548,3817741.790315452,0.410864892536761,9411218.750502441
2026-05-21,Abuja,Product A,Salesperson 2,SME,141,15000,0.116,1869660.0,1146761.0770475382,722898.9229524618,0.38664726364818297,2114876.5744018652
2026-05-22,Kano,Product C,Salesperson 4,SME,384,30000,0.098,10391040.0,7376842.014210142,3014197.985789858,0.2900766415863915,10520214.682619749
2026-05-22,Ibadan,Product E,Salesperson 6,Corporate,416,60000,0.119,21989760.0,14721555.453357955,7268204.546642045,0.33052677913001527,24364878.041410867
2026-05-23,Ibadan,Product C,Salesperson 5,SME,474,30000,0.039,13665420.0,10197543.429747455,3467876.570252545,0.25377021491125373,14089024.677633751
2026-05-23,Ibadan,Product A,Salesperson 5,SME,404,15000,0.098,5466120.0,4163244.6443896713,1302875.3556103287,0.23835469320291702,5398436.045573518
2026-05-23,Ibadan,Product B,Salesperson 1,SME,191,22000,0.055,3970890.0,2432917.773014525,1537972.226985475,0.3873117177724578,4104103.3248709817
2026-05-24,Lagos,Product E,Salesperson 7,SME,233,60000,0.12,12302400.0,7449674.427213023,4852725.572786977,0.39445356782310576,11072900.83366715
2026-05-25,Abuja,Product E,Salesperson 8,Retail,385,60000,0.055,21829500.0,13980249.220303738,7849250.7796962615,0.35957080005021924,24756523.533826653
2026-05-25,Ibadan,Product D,Salesperson 7,Corporate,30,45000,0.053,1278450.0,748243.4306302217,530206.5693697783,0.4147260896943786,1302940.039500564
2026-05-26,Kano,Product A,Salesperson 2,SME,230,15000,0.145,2949750.0,1760134.2207371695,1189615.7792628305,0.40329376362838565,3374818.725681842
2026-05-26,Port Harcourt,Product D,Salesperson 4,Corporate,349,45000,0.149,13364955.0,10031526.658356043,3333428.3416439574,0.24941560533828638,14367955.644248338
2026-05-26,Port Harcourt,Product C,Salesperson 8,SME,110,30000,0.148,2811600.0,2051658.0630371873,759941.9369628127,0.27028806976910397,3157986.26593773
2026-05-26,Port Harcourt,Product B,Salesperson 1,SME,437,22000,0.086,8787196.0,6410435.354512837,2376760.645487163,0.270479985365885,8257443.83480979
2026-05-26,Abuja,Product D,Salesperson 8,SME,104,45000,0.067,4366440.0,3292904.906839251,1073535.093160749,0.24586049348227593,4248018.793939123
2026-05-26,Lagos,Product E,Salesperson 6,Retail,207,60000,0.054,11749320.0,7362659.68483012,4386660.31516988,0.3733543996733326,12935662.671509322
2026-05-26,Abuja,Product D,Salesperson 5,Retail,454,45000,0.069,19020330.0,13653380.874430148,5366949.125569852,0.28216908568725424,21203779.240731273
2026-05-27,Ibadan,Product E,Salesperson 6,SME,219,60000,0.092,11931120.0,6986595.601751333,4944524.398248667,0.4144224849174819,11745459.80329827
2026-05-27,Abuja,Product A,Salesperson 7,Corporate,63,15000,0.06,888300.0,570106.6218832782,318193.37811672175,0.3582048611017919,980848.7079388957
2026-05-27,Lagos,Product C,Salesperson 3,Retail,349,30000,0.03,10155900.0,7525090.724559749,2630809.2754402515,0.25904245566028133,10002365.437449852
2026-05-27,Lagos,Product C,Salesperson 3,Corporate,121,30000,0.113,3219810.0,2096829.709713752,1122980.290286248,0.3487722226734646,3528851.6132584596
2026-05-28,Lagos,Product B,Salesperson 5,Corporate,50,22000,0.075,1017500.0,593285.8620735075,424214.1379264925,0.4169180716722285,1100831.556703144
2026-05-28,Port Harcourt,Product A,Salesperson 5,Retail,498,15000,0.06,7021800.0,4606565.66694792,2415234.33305208,0.34396227933750323,6930998.673539314
2026-05-28,Lagos,Product B,Salesperson 4,Corporate,262,22000,0.106,5153016.0,3433561.3757195473,1719454.6242804527,0.33367927137824777,5771547.136586303
2026-05-28,Port Harcourt,Product C,Salesperson 4,SME,217,30000,0.061,6112890.0,3378102.971277222,2734787.028722778,0.4473803763396328,5577167.685300704
2026-05-28,Ibadan,Product B,Salesperson 3,Corporate,322,22000,0.124,6205584.0,4542966.662110554,1662617.337889446,0.2679227833978955,6071753.22563056
2026-05-29,Port Harcourt,Product C,Salesperson 8,SME,65,30000,0.148,1661400.0,1237249.453581302,424150.54641869804,0.2552970665816167,1523004.1660408431
2026-05-30,Kano,Product B,Salesperson 2,SME,378,22000,0.062,7800408.0,5517429.190768599,2282978.8092314014,0.2926742818108234,7850854.33231534
2026-05-31,Port Harcourt,Product D,Salesperson 2,SME,475,45000,0.076,19750500.0,12800617.768608203,6949882.231391797,0.3518838627574895,20591808.717417855
2026-05-31,Lagos,Product C,Salesperson 1,SME,171,30000,0.11,4565700.0,3479861.2384951185,1085838.7615048815,0.23782525385042416,4243658.474549807
2026-05-31,Abuja,Product B,Salesperson 6,SME,29,22000,0.051,605462.0,439678.00183019304,165783.99816980696,0.2738140431105618,567604.6249594943
2026-05-31,Lagos,Product E,Salesperson 3,Corporate,51,60000,0.001,3056940.0,1975466.4625397383,1081473.5374602617,0.35377650116137765,3494155.78137261
2026-05-31,Abuja,Product C,Salesperson 5,Retail,101,30000,0.042,2902740.0,1809278.9136209015,1093461.0863790985,0.37669963082435853,3337913.8499461072
2026-05-31,Kano,Product A,Salesperson 4,Retail,496,15000,0.102,6681120.0,4114378.0100862226,2566741.9899137774,0.38417839971648127,6953706.509854314
2026-06-01,Kano,Product E,Salesperson 1,Corporate,34,60000,0.072,1893120.0,1328369.578332467,564750.421667533,0.2983172866313456,1914944.979276209
2026-06-01,Lagos,Product A,Salesperson 7,Retail,245,15000,0.065,3436125.0,2093977.3318513571,1342147.6681486429,0.3905991976859523,3797457.0755529967
2026-06-01,Abuja,Product D,Salesperson 5,SME,35,45000,0.067,1469475.0,988121.0735844447,481353.9264155553,0.32756863942262054,1570775.742665292
2026-06-02,Abuja,Product B,Salesperson 2,SME,246,22000,0.138,4665144.0,3543333.6681326875,1121810.3318673125,0.2404663890047794,4240322.451988015
2026-06-02,Kano,Product A,Salesperson 4,SME,150,15000,0.033,2175750.0,1510319.2246886266,665430.7753113734,0.3058397220780758,2041459.1449097153
2026-06-02,Ibadan,Product B,Salesperson 3,Corporate,287,22000,0.142,5417412.0,4000188.227368272,1417223.772631728,0.26160531497913175,5465341.734814163
2026-06-03,Port Harcourt,Product C,Salesperson 3,SME,210,30000,0.13,5481000.0,4078785.9301170916,1402214.0698829084,0.2558317952714666,5508802.7288393425
2026-06-03,Kano,Product B,Salesperson 8,Corporate,228,22000,0.147,4278648.0,2750384.174849867,1528263.825150133,0.3571838172128516,4897200.894932649
2026-06-04,Abuja,Product A,Salesperson 5,Retail,83,15000,0.077,1149135.0,637313.3695673951,511821.6304326049,0.4453973035653817,1237365.761676244
2026-06-04,Abuja,Product A,Salesperson 6,Retail,145,15000,0.006,2161950.0,1485668.588971864,676281.411028136,0.312810847164891,2406798.1659634863
2026-06-04,Kano,Product A,Salesperson 4,Retail,234,15000,0.103,3148470.0,1890460.7621648365,1258009.2378351635,0.3995620850238889,2997930.537088903
2026-06-05,Port Harcourt,Product D,Salesperson 2,SME,431,45000,0.102,17416710.0,12077924.150645042,5338785.849354958,0.3065323961503038,19484844.42167731
2026-06-05,Kano,Product D,Salesperson 5,SME,133,45000,0.109,5332635.0,3458783.2301453,1873851.7698547002,0.35139321739715923,4970785.40028239
2026-06-05,Port Harcourt,Product E,Salesperson 8,Retail,476,60000,0.071,26532240.0,16098487.21044142,10433752.78955858,0.3932480932465024,24599415.416208427
2026-06-05,Port Harcourt,Product A,Salesperson 4,SME,499,15000,0.119,6594285.0,4261412.712670489,2332872.287329511,0.3537718323259475,7251688.77278829
2026-06-05,Kano,Product A,Salesperson 6,SME,429,15000,0.001,6428565.0,4287285.146391108,2141279.8536088923,0.3330883103163602,6948961.79918745
2026-06-06,Lagos,Product C,Salesperson 4,Retail,320,30000,0.1,8640000.0,5954156.666127118,2685843.3338728817,0.310861496976028,8939849.833259284
2026-06-06,Kano,Product E,Salesperson 5,Retail,348,60000,0.061,19606320.0,13052719.665420355,6553600.334579645,0.3342595823479187,18465211.856731802
2026-06-07,Lagos,Product B,Salesperson 6,SME,237,22000,0.047,4968942.0,3310250.097817394,1658691.902182606,0.33381188634977144,5642660.358423882
2026-06-08,Lagos,Product C,Salesperson 3,Retail,293,30000,0.137,7585770.0,4235048.889135763,3350721.110864237,0.4417114031751868,7511997.705218758
2026-06-08,Abuja,Product A,Salesperson 3,Retail,91,15000,0.1,1228500.0,705165.6773385938,523334.32266140624,0.4259945646409493,1238826.3370021768
2026-06-08,Ibadan,Product A,Salesperson 7,Corporate,399,15000,0.117,5284755.0,3899988.701857976,1384766.2981420239,0.26203036813286973,5644257.153356581
2026-06-08,Abuja,Product B,Salesperson 2,Corporate,262,22000,0.133,4997388.0,2774504.992088546,2222883.007911454,0.4448089697881081,4887952.571048355
2026-06-08,Abuja,Product C,Salesperson 1,SME,385,30000,0.063,10822350.0,6888313.351942342,3934036.648057658,0.36351038804489394,9767061.951305598
2026-06-08,Port Harcourt,Product D,Salesperson 4,Corporate,220,45000,0.102,8890200.0,6819418.556052416,2070781.4439475844,0.23292855548216962,9597952.099673478
2026-06-09,Lagos,Product D,Salesperson 1,SME,248,45000,0.109,9943560.0,6398786.220154647,3544773.779845353,0.356489404181737,10341312.316784276
2026-06-09,Kano,Product A,Salesperson 5,Corporate,49,15000,0.136,635040.0,374623.808517044,260416.191482956,0.41007840684516883,635498.7495551547
2026-06-09,Kano,Product C,Salesperson 6,Corporate,495,30000,0.02,14553000.0,9426713.830529027,5126286.169470973,0.3522494447516645,14805141.626506794
2026-06-09,Kano,Product B,Salesperson 2,Retail,340,22000,0.082,6866640.0,5155806.358041661,1710833.6419583391,0.24915149796091526,6940891.452842409
2026-06-09,Lagos,Product B,Salesperson 1,Corporate,193,22000,0.105,3800170.0,2719015.687927949,1081154.3120720512,0.28450156494894996,3826619.725319952
2026-06-10,Ibadan,Product A,Salesperson 3,SME,112,15000,0.091,1527120.0,1014877.8712491633,512242.1287508367,0.33543017493768446,1646629.149414887
2026-06-10,Ibadan,Product E,Salesperson 7,Retail,95,60000,0.062,5346600.0,3698412.054237599,1648187.945762401,0.3082684221304008,6087956.232232718
2026-06-10,Port Harcourt,Product A,Salesperson 3,Retail,280,15000,0.088,3830400.0,2309194.90421089,1521205.0957891098,0.3971400103877166,3637064.5764052654
2026-06-10,Abuja,Product E,Salesperson 3,Corporate,92,60000,0.09,5023200.0,3624791.9798743203,1398408.0201256797,0.2783898750051122,5453258.209139384
2026-06-10,Ibadan,Product B,Salesperson 5,SME,436,22000,0.123,8412184.0,4770354.195685455,3641829.8043145454,0.43292322235397435,8610134.763404183
2026-06-10,Ibadan,Product C,Salesperson 4,SME,251,30000,0.028,7319160.0,4470877.017147665,2848282.982852335,0.3891543541680104,7924284.149938365
2026-06-10,Ibadan,Product B,Salesperson 8,SME,65,22000,0.142,1226940.0,693016.0249600542,533923.9750399458,0.4351671434951553,1219869.7495651888
2026-06-11,Port Harcourt,Product C,Salesperson 2,Corporate,178,30000,0.096,4827360.0,3097110.5159821296,1730249.4840178704,0.35842561648973154,5479537.992100895
2026-06-11,Ibadan,Product A,Salesperson 6,Corporate,118,15000,0.109,1577070.0,1127123.258720968,449946.7412790321,0.28530549771350167,1785683.381584727
2026-06-11,Ibadan,Product A,Salesperson 3,SME,290,15000,0.107,3884550.0,2980762.4658170007,903787.5341829993,0.23266209321105386,4411925.064340591
2026-06-13,Lagos,Product C,Salesperson 7,Corporate,401,30000,0.083,11031510.0,6303371.567129326,4728138.432870674,0.428603013809594,11800340.012491362
2026-06-14,Ibadan,Product B,Salesperson 8,SME,299,22000,0.003,6558266.0,3925557.332828803,2632708.667171197,0.4014336513906568,6463674.95690916
2026-06-15,Lagos,Product C,Salesperson 4,SME,271,30000,0.072,7544640.0,4370247.540204017,3174392.4597959826,0.42074803566452246,8592630.821688402
2026-06-16,Ibadan,Product A,Salesperson 4,Corporate,247,15000,0.039,3560505.0,2093181.090332401,1467323.909667599,0.4121111779558234,3895540.8375112186
2026-06-16,Port Harcourt,Product D,Salesperson 6,Corporate,139,45000,0.088,5704560.0,3690375.1100673093,2014184.8899326907,0.3530833035208133,5296345.198242157
2026-06-16,Lagos,Product D,Salesperson 6,SME,227,45000,0.006,10153710.0,6682848.335640305,3470861.6643596953,0.34183186878093774,10887898.716601467
2026-06-16,Abuja,Product E,Salesperson 5,Retail,137,60000,0.078,7578840.0,4562103.390147426,3016736.609852574,0.3980472750252775,8341793.88875168
2026-06-18,Ibadan,Product B,Salesperson 8,Retail,25,22000,0.066,513699.99999999994,357849.8089408988,155850.19105910114,0.30338756289488256,561151.1608660042
2026-06-19,Port Harcourt,Product A,Salesperson 3,Retail,159,15000,0.091,2167965.0,1550367.088066118,617597.9119338819,0.2848744845668089,2172421.155901874
2026-06-20,Lagos,Product D,Salesperson 8,Corporate,296,45000,0.073,12347640.0,7892969.554627076,4454670.445372924,0.3607710012093748,14025788.214261545
2026-06-21,Kano,Product E,Salesperson 3,Corporate,179,60000,0.007,10664820.0,6136437.966582078,4528382.033417922,0.4246093261225152,11971567.427004894
2026-06-21,Lagos,Product A,Salesperson 3,SME,90,15000,0.067,1259550.0,809317.8370082479,450232.16299175215,0.3574547759054838,1373561.8377725016
2026-06-21,Abuja,Product A,Salesperson 4,SME,440,15000,0.128,5755200.0,4190532.6619859426,1564667.3380140574,0.27187019356652375,5546037.135740186
2026-06-21,Port Harcourt,Product C,Salesperson 7,Retail,307,30000,0.12,8104800.0,6196437.297446905,1908362.7025530953,0.23546080132182107,9021076.4256621
2026-06-21,Kano,Product C,Salesperson 8,Retail,424,30000,0.075,11766000.0,8726290.258782724,3039709.741217276,0.2583469098433857,10748636.362315428
2026-06-22,Abuja,Product C,Salesperson 4,SME,62,30000,0.019,1824660.0,1257153.6787413617,567506.3212586383,0.31102031132300717,1894649.1957682515
2026-06-22,Port Harcourt,Product B,Salesperson 5,Corporate,61,22000,0.017,1319186.0,885640.3032454224,433545.69675457757,0.32864637492709714,1388186.9019020135
2026-06-22,Ibadan,Product E,Salesperson 4,Retail,476,60000,0.117,25218480.0,14787999.926010275,10430480.073989725,0.41360462938248954,27586839.726969216
2026-06-23,Abuja,Product E,Salesperson 7,Corporate,334,60000,0.046,19118160.0,13955320.698188655,5162839.301811345,0.2700489640117744,19449297.419566818
2026-06-23,Abuja,Product C,Salesperson 7,SME,18,30000,0.072,501120.0,280140.2126896361,220979.7873103639,0.44097179779366996,546446.9623407563
2026-06-24,Lagos,Product D,Salesperson 1,Retail,486,45000,0.012,21607560.0,12443274.156113712,9164285.843886288,0.424124049355239,22112638.681680225
2026-06-25,Ibadan,Product C,Salesperson 3,SME,99,30000,0.009,2943270.0,1919094.2493667195,1024175.7506332805,0.34797206869681696,3353114.290890826
2026-06-25,Lagos,Product B,Salesperson 7,Retail,436,22000,0.053,9083624.0,5159526.86890145,3924097.13109855,0.4319968694321286,8795030.816883577
2026-06-26,Abuja,Product D,Salesperson 5,Corporate,71,45000,0.066,2984130.0,2206888.671134501,777241.3288654988,0.26045826718859394,3396306.46609127
2026-06-27,Ibadan,Product B,Salesperson 5,Corporate,132,22000,0.138,2503248.0,1522679.6103689105,980568.3896310895,0.39171843526134426,2785050.352931466
2026-06-28,Ibadan,Product A,Salesperson 7,Corporate,473,15000,0.057,6690585.0,4336758.406973972,2353826.593026028,0.3518117762536502,6236009.840495355
2026-06-29,Port Harcourt,Product D,Salesperson 6,Retail,260,45000,0.037,11267100.0,8149980.30076144,3117119.69923856,0.2766567882807963,12182822.33863043
2026-06-30,Lagos,Product B,Salesperson 5,SME,114,22000,0.132,2176944.0,1539645.593489626,637298.406510374,0.2927491044833372,2130714.400518107
2026-06-30,Abuja,Product E,Salesperson 4,Retail,47,60000,0.121,2478780.0,1698385.0183525102,780394.9816474898,0.3148302720077981,2430348.750601082
2026-06-30,Port Harcourt,Product C,Salesperson 8,Corporate,100,30000,0.055,2835000.0,1897991.184399506,937008.8156004939,0.33051457340405427,2923771.2669486087
